"","Fire_ID","SweMax","doPS"
"1","KLK9_2004_1508",206.776738430009,87
"2","THU31_2005_1510",153.776764007161,87
"3","HEA63_2005_1511",188.988648677896,85
"4","TIM19_2005_1512",142.210661621246,84
"5","CHA18_2005_1513",180.375323366062,85
"6","TIM7_2005_1515",182.095822844054,85
"7","TIM5_2005_1517",174.022671423055,85
"8","FOR14_2005_1514",93.5157663144495,80
"9","FOR24_2005_1516",99.2659727349339,85
"10","SLK40_2005_1534",160.144636291362,87
"11","SLK25_2005_1535",140.331902428011,87
"12","NIP104_2005_1536",152.04047943515,87
"13","WAW21_2003_1406",182.121926866549,98
"14","SLK20_2003_1434",105.779599639191,78
"15","SAU7_2003_1436",77.6875047103218,73
"16","RED65_2003_1440",59.5002625367352,96
"17","KLK5_2003_1495",124.059047311636,74
"18","KLK9_2003_1496",188.285296545004,98
"19","THU28_2003_1502",135.814381971716,97
"20","WAW23_2003_1503",150.506967870073,97
"21","THU66_2003_1537",97.7953620354754,97
"22","NIP112_2005_1518",146.317034924365,87
"23","COC10_2005_1519",194.98089211712,84
"24","NIP20_2005_1521",167.952002510218,87
"25","NIP52_2005_1522",140.812154241709,85
"26","THU30_2005_1525",207.658008673252,87
"27","THU57_2005_1526",154.301907780895,86
"28","THU67_2005_1528",199.294618988262,86
"29","TIM56_2005_1529",174.810239416408,85
"30","FOR18_2005_1520",97.0631642401973,85
"31","NIP80_2005_1523",102.771359409487,85
"32","THU65_2005_1527",191.256627390037,87
"33","SLK11_2007_1658",107.580314990341,78
"34","DRY10_2007_1659",94.1625373253455,78
"35","NIP26_2007_1660",118.874718229066,78
"36","THU39_2007_1661",127.750551944949,78
"37","THU37_2007_1662",75.5863552966532,79
"38","SAU78_2006_1560",108.595682405171,65
"39","SUD8_2006_1561",96.9593959006534,66
"40","NIP262_2006_1567",138.118853340515,364
"41","THU113_2006_1568",58.7870275755186,64
"42","NIP406_2006_1569",119.621928690916,364
"43","NIP322_2006_1573",81.8198506972369,99
"44","NIP391_2006_1575",122.152969881208,364
"45","NIP70_2006_1583",107.320584671985,364
"46","NIP257_2006_1604",59.8472261367306,301
"47","NIP245_2006_1605",106.584536728652,364
"48","COC14_2006_1606",202.524158074989,80
"49","NIP323_2006_1607",47.8112122436712,137
"50","NIP328_2006_1608",45.3248192695023,287
"51","NIP296_2006_1609",53.9143810003576,356
"52","THU189_2006_1610",81.9972477406963,65
"53","THU185_2006_1633",81.0614637320857,364
"54","THU144_2006_1638",86.9755708587787,364
"55","THU249_2006_1639",62.0975954562803,364
"56","THU163_2006_1640",56.123377369115,364
"57","THU143_2006_1642",80.8565507451108,364
"58","NIP344_2006_1643",131.095793737962,364
"59","NIP226_2006_1644",50.8837805368156,364
"60","NIP414_2006_1648",131.600862915329,364
"61","COC8_2006_1649",217.543904965811,80
"62","THU151_2006_1650",68.0175715809587,364
"63","NIP108_2006_1651",129.545733540853,364
"64","THU176_2006_1652",70.2712746414484,364
"65","THU167_2006_1653",78.0031457109177,364
"66","COC9_2006_1654",210.813408186629,80
"67","NIP411_2006_1657",121.273590921704,364
"68","NIP338_2006_1664",51.5367336394863,334
"69","SLK48_2006_1681",95.9695552840109,85
"70","RED44_2006_1683",104.501479829202,64
"71","NIP81_2006_1684",94.6252157605927,364
"72","COC34_2006_1686",154.140094650126,79
"73","THU133_2006_1688",66.4907989625888,364
"74","THU192_2006_1689",77.1025055684979,364
"75","DRY79_2006_1692",86.1419258012054,63
"76","SLK30_2006_1581",88.5609320019827,85
"77","NIP365_2006_1574",98.4042403589522,364
"78","SLK45_2006_1599",92.3685991521467,85
"79","RED184_2006_1678",88.3819277058894,85
"80","RED193_2006_1682",82.0962864531199,85
"81","NIP409_2006_1570",119.872361990122,362
"82","NIP238_2006_1571",121.600161068769,364
"83","NIP426_2006_1572",122.921487303218,364
"84","RED84_2006_1576",82.499448712757,84
"85","RED175_2006_1577",77.9532731148383,84
"86","RED177_2006_1579",101.015496193826,84
"87","NIP189_2006_1580",78.1427052072313,364
"88","NIP440_2006_1601",127.351216045179,364
"89","NIP410_2006_1602",127.768388584783,364
"90","NIP291_2006_1611",110.779472551848,364
"91","NIP404_2006_1612",110.911711867507,364
"92","NIP400_2006_1613",112.684090886091,364
"93","NIP341_2006_1614",91.2450133922488,67
"94","NIP402_2006_1615",111.428536123337,364
"95","NIP334_2006_1616",114.925939339359,274
"96","FOR52_2006_1617",35.7810973113248,64
"97","FOR173_2006_1618",46.7658137609792,64
"98","FOR54_2006_1619",41.1617141605858,64
"99","FOR165_2006_1620",39.0123101047535,64
"100","FOR57_2006_1621",42.9740753628159,64
"101","FOR63_2006_1622",44.1828346698978,64
"102","FOR179_2006_1623",46.249691205482,64
"103","FOR61_2006_1624",49.2327298158241,64
"104","RED163_2006_1625",100.513323590342,85
"105","RED182_2006_1626",79.823328184073,84
"106","RED183_2006_1627",57.4742525059933,84
"107","RED146_2006_1628",97.9143487830313,85
"108","RED113_2006_1629",100.389772719417,85
"109","RED176_2006_1632",87.7885004527325,84
"110","THU142_2006_1634",85.0912435317505,364
"111","THU234_2006_1635",52.0484834859659,364
"112","THU190_2006_1636",50.5012472083152,364
"113","NIP430_2006_1637",47.9592316367409,364
"114","NIP267_2006_1641",112.50606808839,364
"115","NIP415_2006_1645",131.348644757163,364
"116","NIP428_2006_1646",44.5267998189635,364
"117","THU184_2006_1647",80.145119707237,364
"118","NIP276_2006_1655",123.679341504674,364
"119","NIP413_2006_1656",124.659222895253,364
"120","NIP380_2006_1663",108.807250750065,364
"121","SLK40_2006_1672",113.773258743535,97
"122","RED69_2006_1673",105.681588042728,85
"123","SLK38_2006_1674",92.2084942720988,85
"124","SLK42_2006_1675",79.9364726603532,85
"125","RED188_2006_1676",97.589527254745,85
"126","RED186_2006_1677",93.1849769311437,84
"127","RED16_2006_1679",86.3745569232029,85
"128","RED192_2006_1680",65.390310967518,84
"129","THU154_2006_1687",84.0229854997812,364
"130","THU232_2006_1690",75.5454027635703,364
"131","RED68_2003_1428",79.3989922109276,95
"132","WAW13_2003_1409",154.921172273434,97
"133","DRY57_2003_1410",79.4416667024991,95
"134","SLK58_2003_1412",98.3272306767167,96
"135","NIP58_2003_1421",98.6428216260198,93
"136","KEN110_2003_1423",63.4549872754544,71
"137","DRY58_2003_1441",48.8027733710504,71
"138","SLK57_2003_1479",104.172018615758,96
"139","NIP17_2003_1485",102.849778500699,97
"140","NIP40_2007_1564",109.704786183145,105
"141","KEN41_2007_1566",96.5042705322266,80
"142","THU36_2007_1584",97.2399978637695,78
"143","SUD46_2007_1586",151.072531347806,98
"144","SAU13_2007_1587",223.954088539867,100
"145","RED11_2007_1562",119.449476119527,103
"146","DRY8_2007_1565",104.961909545095,80
"147","TIM3_2007_1585",220.037270417977,100
"148","PEM2_2007_1588",155.152957039798,79
"149","THU19_2016_2001",145.770028810803,103
"150","NOR32_2016_2002",141.843246041912,100
"151","NIP12_2016_2003",122.618817273911,103
"152","HEA4_2016_2004",158.808404336156,103
"153","RED3_2016_2005",67.1086040339605,59
"154","SUD35_2016_2006",181.225536891392,100
"155","WAW7_2016_2010",181.525202384781,100
"156","HEA5_2016_2011",160.111771656671,103
"157","SLK6_2016_2012",68.6238718885056,103
"158","KEN18_2016_2014",92.8072521325011,64
"159","APK20_2016_2015",226.835688059915,100
"160","NIP15_2016_2013",106.519724643404,103
"161","SLK23_2016_2000",72.6178137858709,103
"162","SLK29_2016_2007",70.5635870461685,102
"163","SLK30_2016_2016",77.7865241230398,103
"164","NIP23_2016_2022",87.4506854433595,103
"165","FOR2_2019_2166",117.191845430342,70
"166","RED38_2019_2171",83.1059411882484,103
"167","RED39_2019_2172",86.1437275544778,100
"168","TIM2_2019_2173",228.643252727533,98
"169","RED14_2019_2176",81.042576632307,102
"170","RED40_2019_2177",90.6502569569528,103
"171","RED17_2019_2178",100.513868342942,103
"172","RED30_2019_2182",60.81437861374,103
"173","RED37_2019_2185",87.1019453010303,101
"174","SLK22_2019_2187",127.189443158927,104
"175","SLK8_2019_2188",140.571184618329,104
"176","RED75_2019_2192",86.2663304222955,77
"177","COC10_2019_2162",191.634265656167,101
"178","SLK40_2019_2163",57.4510216538924,104
"179","RED23_2019_2164",61.3738580020209,103
"180","RED44_2019_2165",82.8698742336194,97
"181","SLK38_2019_2167",83.2381187349207,104
"182","SLK33_2019_2168",60.3677383496958,104
"183","RED45_2019_2169",83.0742864967478,100
"184","SLK39_2019_2170",89.3961599258356,104
"185","RED57_2019_2174",60.2679642413036,103
"186","SLK37_2019_2175",70.5824094077413,104
"187","NIP11_2019_2179",99.9578726038296,67
"188","RED59_2019_2180",60.0549737313363,100
"189","RED25_2019_2181",60.1971229796487,103
"190","SLK41_2019_2183",84.126099219689,104
"191","SLK31_2019_2184",57.5142910472978,104
"192","RED24_2019_2186",67.1150371926369,103
"193","RED49_2019_2189",80.0616606255934,95
"194","RED60_2019_2190",60.1318628884367,103
"195","RED62_2019_2193",62.4051698754166,103
"196","NIP95_2017_2114",147.626171684265,119
"197","RED31_2013_1862",93.5884684668567,112
"198","NIP40_2013_1870",93.6027011871338,114
"199","THU16_2013_1877",174.188549784544,110
"200","SLK25_2013_1861",82.6755633128773,114
"201","SLK18_2013_1878",78.1568886650933,364
"202","NIP11_2013_1886",86.8337399434633,114
"203","RED24_2013_1892",80.5471084052411,114
"204","SLK24_2013_1895",81.1729615390716,364
"205","NIP48_2013_1860",89.1789669087058,114
"206","SLK45_2013_1863",83.3981627172353,341
"207","NIP44_2013_1864",155.247373499548,110
"208","RED32_2013_1865",91.6455528063829,114
"209","NIP50_2013_1866",87.0303220137572,114
"210","NIP45_2013_1867",109.254646894446,110
"211","NIP43_2013_1868",117.441901829246,110
"212","SLK27_2013_1869",102.221330439791,123
"213","SLK19_2013_1871",136.949602880752,114
"214","NIP53_2013_1872",92.6143249290577,114
"215","SLK16_2013_1873",105.08078452322,114
"216","NIP51_2013_1874",76.7080333095783,364
"217","SLK35_2013_1875",129.298071228401,114
"218","NIP19_2013_1876",111.695122568693,114
"219","NIP21_2013_1879",108.892801818848,114
"220","RED56_2013_1884",144.725148646952,122
"221","SLK23_2013_1885",83.3157246836713,201
"222","NIP25_2013_1887",141.021234317558,114
"223","RED41_2013_1888",145.902704203865,122
"224","SLK22_2013_1889",88.2121491368949,114
"225","SLK21_2013_1890",116.346641812693,123
"226","SLK31_2013_1891",93.6139078475668,123
"227","SLK37_2013_1893",104.230290888071,114
"228","NIP23_2013_1894",119.180425719925,110
"229","SLK43_2013_1896",77.5226823431861,123
"230","SLK41_2013_1897",78.3770929830177,364
"231","THU65_2012_1859",103.832900954941,70
"232","SLK88_2011_1786",86.8130883567627,109
"233","RED55_2011_1787",109.599653019442,108
"234","RED122_2011_1794",135.957611260678,108
"235","RED26_2011_1806",109.235136397512,108
"236","SLK70_2011_1807",100.333526260343,109
"237","RED103_2011_1812",121.072155432608,108
"238","SLK60_2011_1815",102.752184749696,108
"239","SLK95_2011_1817",107.89915687298,89
"240","SLK61_2011_1819",106.946126124767,89
"241","SLK64_2011_1820",102.317547637163,89
"242","SLK65_2011_1822",103.810347541536,108
"243","RED84_2011_1823",99.11055320503,89
"244","THU33_2011_1829",92.3468413189292,109
"245","THU22_2011_1831",91.5604187879628,108
"246","KEN27_2011_1832",72.1653166179416,364
"247","NIP66_2011_1835",142.416519461646,92
"248","SAU20_2011_1837",112.214556616549,74
"249","RED23_2011_1795",96.7442367465618,89
"250","SLK38_2011_1798",85.5115936449115,109
"251","RED58_2011_1799",102.144621693789,110
"252","RED82_2011_1800",101.227097448119,107
"253","RED85_2011_1818",113.967941180213,84
"254","SLK35_2011_1821",105.80360873783,108
"255","THU51_2011_1828",91.5175196974563,108
"256","SLK84_2011_1669",93.6686050985675,109
"257","RED51_2011_1670",129.449784215291,108
"258","RED36_2011_1671",122.897556471999,108
"259","RED65_2011_1777",102.42339726059,89
"260","RED114_2011_1778",123.668383519631,86
"261","RED107_2011_1779",108.792598068066,121
"262","RED118_2011_1780",106.096961503156,121
"263","SLK85_2011_1781",86.7123389563825,109
"264","SLK87_2011_1782",77.5408874046075,109
"265","RED100_2011_1783",112.39297490637,121
"266","RED54_2011_1784",107.772671102838,121
"267","SLK48_2011_1785",93.6837580408131,109
"268","SLK47_2011_1788",114.22841716973,109
"269","RED32_2011_1789",133.022696586185,102
"270","RED123_2011_1790",99.2100617623544,89
"271","NIP40_2011_1791",119.467809913923,109
"272","RED53_2011_1792",126.771647305491,108
"273","RED120_2011_1793",93.5422577432379,89
"274","RED24_2011_1796",106.126929286994,121
"275","RED22_2011_1797",101.367680271506,121
"276","RED73_2011_1801",98.4992110005925,89
"277","RED101_2011_1802",99.1037989739873,107
"278","RED106_2011_1803",106.156746185611,107
"279","RED96_2011_1804",107.188907781602,107
"280","SLK50_2011_1805",100.427663568023,109
"281","SLK51_2011_1808",106.235255196457,109
"282","RED29_2011_1809",111.727974765814,108
"283","SLK76_2011_1810",96.2885227962225,108
"284","NIP55_2011_1811",118.683378944265,109
"285","RED50_2011_1813",131.445879330457,108
"286","RED52_2011_1814",125.111998472232,108
"287","RED72_2011_1816",96.7459813256621,89
"288","SLK82_2011_1824",114.372748325445,109
"289","THU58_2011_1825",93.4913716698129,108
"290","THU50_2011_1826",92.3698526730732,108
"291","COC25_2011_1827",164.340534998543,109
"292","THU80_2011_1830",91.0818807139811,108
"293","FOR42_2011_1834",60.1386979157638,364
"294","FOR17_2011_1836",55.2625625033339,72
"295","RED7_2009_1725",81.9561226128095,100
"296","SLK25_2009_1726",91.3271698304164,100
"297","SLK24_2009_1727",90.5336150890474,90
"298","KEN28_2015_1959",84.6195772218219,67
"299","RED10_2015_1960",81.2963284763238,88
"300","COC12_2015_1961",163.736995841602,98
"301","SUD38_2015_1970",128.128290014513,90
"302","KEN5_2015_1971",59.6420928751728,67
"303","RED50_2015_1999",56.9495193698,67
"304","NIP38_2015_1995",92.5145922017652,97
"305","SLK32_2015_1980",63.5558525540318,96
"306","RED7_2015_1998",71.5975932409896,78
"307","RED59_2015_1962",33.9691575952478,97
"308","SLK55_2015_1963",52.9700058024368,97
"309","NIP20_2015_1965",76.2421540368961,97
"310","RED24_2015_1966",56.0730655424057,67
"311","SLK19_2015_1967",74.6784956190321,97
"312","RED44_2015_1968",51.5880652663618,67
"313","SLK53_2015_1969",76.5957843265018,96
"314","NIP31_2015_1972",84.6640935902941,97
"315","NIP32_2015_1973",90.4045165769516,97
"316","SLK23_2015_1974",113.851318863203,97
"317","SLK30_2015_1975",105.933241932662,97
"318","NIP24_2015_1976",92.4636044184947,97
"319","COC13_2015_1977",118.266164212293,98
"320","NIP23_2015_1979",76.9065405532642,97
"321","SLK21_2015_1981",99.1000272590775,96
"322","SLK67_2015_1982",53.9632578093976,97
"323","RED25_2015_1983",45.7128329359982,67
"324","NIP19_2015_1984",73.3363061329675,97
"325","SLK36_2015_1985",94.8337959226149,97
"326","RED11_2015_1986",83.0523383576991,88
"327","RED58_2015_1987",31.4469441013572,96
"328","SLK62_2015_1988",66.9266108921596,97
"329","SLK41_2015_1989",88.6258936642228,96
"330","NIP30_2015_1990",89.6827471917061,97
"331","NIP17_2015_1991",67.1875931170082,97
"332","SLK28_2015_1992",113.379937395637,96
"333","RED17_2015_1993",22.1039905078136,96
"334","RED16_2015_1994",25.6399010405375,96
"335","RED46_2015_1996",55.5779077882913,67
"336","SLK57_2015_1997",65.4603908896719,96
"337","SLK26_2017_2089",185.074868254439,118
"338","NIP99_2017_2094",194.115903294772,116
"339","SLK237_2017_1939",221.639614574726,118
"340","SLK45_2017_1940",160.255747700786,83
"341","RED23_2017_1941",36.0260125376154,364
"342","NIP78_2017_1942",229.322652031394,119
"343","NIP37_2017_1945",196.28190609809,119
"344","SLK187_2017_1946",114.622987788477,117
"345","SLK8_2017_1947",121.036232333015,83
"346","SLK32_2017_1948",78.3945244115061,83
"347","SLK42_2017_1949",238.038336039084,118
"348","SLK36_2017_1950",242.710587238476,118
"349","SLK129_2017_1951",129.810431480408,83
"350","NIP12_2017_1952",143.277543364978,116
"351","NIP40_2017_1953",215.123120264353,119
"352","NIP75_2017_1954",229.615303993225,116
"353","NIP46_2017_1955",195.350976681491,119
"354","SLK102_2017_1956",129.016749070274,118
"355","NIP64_2017_1957",166.910482749751,119
"356","SLK115_2017_2023",146.006317138672,118
"357","NIP32_2017_2024",243.993057273888,117
"358","RED34_2017_2025",74.3382728119577,80
"359","SLK200_2017_2026",208.128992729283,118
"360","NIP54_2017_2027",190.192698887416,119
"361","SLK175_2017_2072",133.98470333751,118
"362","THU58_2017_2073",258.890731490708,118
"363","SLK96_2017_2074",150.840921771031,119
"364","SLK43_2017_2075",214.929930304532,118
"365","SLK82_2017_2076",145.348251786343,118
"366","SLK23_2017_2077",162.905882448922,118
"367","NIP29_2017_2078",147.50059231352,119
"368","NIP77_2017_2079",240.470927910094,119
"369","NIP68_2017_2080",230.233827041794,117
"370","SLK122_2017_2081",143.843821693305,118
"371","SLK157_2017_2082",128.846871838791,118
"372","SLK44_2017_2083",198.431289161384,118
"373","NIP73_2017_2084",235.93613314988,117
"374","THU59_2017_2085",290.772666628055,118
"375","SLK64_2017_2086",142.34034187833,83
"376","THU61_2017_2087",282.464596664696,118
"377","RED87_2017_2088",88.3936950267101,83
"378","NIP9_2017_2090",241.627280927,119
"379","NIP39_2017_2091",198.444352849325,119
"380","RED69_2017_2092",72.6072610981834,80
"381","THU31_2017_2093",265.286570385037,118
"382","SLK103_2017_2095",115.810679060178,117
"383","SLK63_2017_2096",149.600467696613,118
"384","NIP98_2017_2097",168.05932593777,119
"385","RED56_2017_2098",64.1677788497949,80
"386","SLK7_2017_2099",102.142705678085,83
"387","SLK162_2017_2100",146.918671955995,118
"388","SLK68_2017_2101",158.814624688473,118
"389","RED103_2017_2102",72.7799135154343,80
"390","NIP65_2017_2103",166.529251270361,119
"391","NIP11_2017_2104",179.89352378981,119
"392","SLK38_2017_2105",242.67007200864,118
"393","SLK33_2017_2106",198.725586368844,118
"394","SLK17_2017_2107",159.222912094857,118
"395","SLK52_2017_2110",221.199267408273,118
"396","NIP38_2017_2111",195.538883680914,119
"397","NIP105_2017_2112",144.762458828812,128
"398","RED54_2017_2113",65.549361773217,76
"399","SLK37_2020_2160",108.685024760781,112
"400","THU4_2020_2161",115.557841506844,86
"401","RED12_2020_2194",86.2968118585692,112
"402","NIP47_2020_2196",181.970129241415,113
"403","SLK26_2020_2197",102.920906575973,113
"404","RED8_2020_2198",78.1763623170178,112
"405","RED24_2020_2199",80.5402171401685,112
"406","SLK36_2020_2200",98.0547313220395,112
"407","SLK25_2020_2201",99.037776360145,113
"408","NIP30_2020_2202",156.379377517025,113
"409","NIP46_2020_2203",171.068198179587,113
"410","RED29_2020_2204",81.586286257568,112
"411","SLK3_2020_2205",62.4955154146467,112
"412","NIP51_2020_2206",141.817038171085,113
"413","NIP26_2020_2207",91.124761525449,113
"414","NIP45_2020_2208",141.130567343802,113
"415","RED49_2020_2210",39.024238351098,95
"416","CHA3_2020_2213",166.136324935223,86
"417","SLK48_2020_2214",102.383678218861,112
"418","RED9_2020_2216",93.7835512278414,96
"419","SLK47_2020_2217",111.197659935889,112
"420","RED30_2020_2218",81.8232417550647,112
"421","RED22_2020_2195",95.573459445766,112
"422","RED18_2020_2209",98.9073160186863,112
"423","NIP40_2020_2211",161.067130342536,112
"424","COC11_2020_2212",89.932572277241,113
"425","COC12_2020_2215",82.9327797106265,113
"426","NOR68_2018_2028",150.924225494034,104
"427","RED110_2018_2030",88.5195988416672,364
"428","PEM7_2018_2038",124.270982706322,104
"429","NOR56_2018_2044",148.111255836134,104
"430","TIM6_2018_2045",174.945462443034,108
"431","NIP5_2018_2048",92.3248039206746,121
"432","NOR62_2018_2053",154.135209221911,104
"433","KEN71_2018_2063",46.0204829118067,61
"434","NIP10_2018_2066",113.666491645679,109
"435","PAR33_2018_2071",72.9323847312691,88
"436","SLK117_2018_2117",101.332667750518,364
"437","NOR69_2018_2119",141.042895570469,104
"438","NOR25_2018_2121",141.944015315322,104
"439","SUD83_2018_2125",158.502601623535,104
"440","SLK49_2018_2128",84.5470824180661,364
"441","NOR42_2018_2129",148.614342116997,104
"442","KEN77_2018_2140",43.6230805916216,61
"443","COC8_2018_2145",193.285666312655,111
"444","RED60_2018_2150",53.6836527345937,364
"445","NIP24_2018_2151",100.61750273869,108
"446","TIM12_2018_2153",156.648422764968,105
"447","RED115_2018_2156",83.7280179135085,364
"448","NOR72_2018_2035",149.654027866379,104
"449","NIP29_2018_2055",89.446861409533,109
"450","COC14_2018_2126",178.65840763726,111
"451","RED38_2018_2029",20.3769590220912,82
"452","NIP13_2018_2031",109.067152519465,110
"453","RED30_2018_2032",56.3707066563548,122
"454","RED108_2018_2033",50.7847481665852,364
"455","NIP37_2018_2034",97.6165137987458,108
"456","THU52_2018_2036",117.728433881611,364
"457","NIP40_2018_2037",103.666404609297,109
"458","FOR24_2018_2039",109.620066273036,106
"459","RED82_2018_2040",34.480239252452,232
"460","COC20_2018_2041",167.615312642368,111
"461","HEA12_2018_2042",175.561846538413,111
"462","SLK44_2018_2043",97.7795090875282,108
"463","SLK51_2018_2046",80.6703611288693,364
"464","SLK48_2018_2047",81.4281058616084,364
"465","RED80_2018_2049",43.9980053195781,364
"466","NIP32_2018_2050",82.8671716492158,121
"467","THU36_2018_2051",113.073754860123,364
"468","RED170_2018_2052",53.4966243269108,252
"469","SLK19_2018_2054",23.0900407559605,88
"470","SLK23_2018_2056",50.8363995143346,364
"471","NIP27_2018_2057",98.8834815683944,108
"472","SLK37_2018_2058",39.1130914587724,364
"473","NIP31_2018_2059",109.469275977006,109
"474","RED86_2018_2060",39.5619128097933,364
"475","RED103_2018_2061",47.071005902808,364
"476","SLK57_2018_2062",81.8552962583159,108
"477","RED97_2018_2064",44.0139436710198,364
"478","SLK68_2018_2065",94.6249670137485,364
"479","SLK53_2018_2067",77.9518642226163,108
"480","SLK18_2018_2068",54.6746878554384,364
"481","NOR46_2018_2069",130.897018353454,104
"482","RED67_2018_2070",54.1265591173616,82
"483","NIP30_2018_2115",89.5621744600589,118
"484","RED96_2018_2116",40.2281589620078,364
"485","SLK56_2018_2118",61.5019953793971,364
"486","NIP53_2018_2122",96.8389150154691,108
"487","SLK67_2018_2123",92.2060856913001,364
"488","RED55_2018_2124",27.8801630560054,84
"489","RED81_2018_2127",37.0336312218988,184
"490","RED57_2018_2130",25.1005829016855,82
"491","NIP45_2018_2132",76.2893959954494,121
"492","SLK162_2018_2133",84.4794570748037,364
"493","NOR61_2018_2134",134.208628898754,104
"494","SLK113_2018_2135",72.1388974570703,364
"495","NOR19_2018_2136",145.132702637875,104
"496","PEM6_2018_2137",146.421569889989,104
"497","RED78_2018_2138",42.6638364447455,105
"498","COC15_2018_2139",185.477242898621,111
"499","NOR55_2018_2141",143.590322745652,104
"500","SLK26_2018_2142",49.4220972702532,364
"501","SLK55_2018_2143",64.2639685469212,364
"502","SLK22_2018_2144",54.0566764563417,364
"503","NIP20_2018_2146",106.928509484066,109
"504","RED76_2018_2147",35.8473051304581,329
"505","RED52_2018_2148",21.1221276921548,82
"506","RED70_2018_2149",55.0292416296042,330
"507","NIP49_2018_2152",78.2147134606676,121
"508","SLK27_2018_2154",81.4022228283722,364
"509","RED109_2018_2155",44.1700013130903,94
"510","NIP16_2018_2157",118.341841683691,109
"511","RED121_2018_2158",19.7481320918291,82
"512","COC36_2018_2159",53.4078991673574,121
"513","RED41_2012_1758",160.215470876603,70
"514","SLK85_2012_1760",156.360180036671,71
"515","KLK8_2012_1841",144.90762226653,70
"516","RED49_2012_1844",107.165105861522,70
"517","RED28_2012_1849",158.829390956104,70
"518","TIM9_2012_1852",136.614385840154,70
"519","KLK13_2012_1856",130.057626065865,70
"520","TIM7_2012_1898",124.29830087371,70
"521","RED39_2012_1901",77.8346596624618,70
"522","TIM47_2012_1903",133.339456731623,70
"523","WAW5_2012_1904",148.084614374866,70
"524","KLK11_2012_1907",125.338028732611,70
"525","COC10_2012_1911",172.332237987984,71
"526","WAW4_2012_1916",187.179376165434,70
"527","KEN36_2012_1917",42.6249733088002,69
"528","TIM27_2012_1921",143.095595799579,70
"529","CHA8_2012_1924",144.866543041762,70
"530","NIP32_2012_1929",104.478530302871,70
"531","PEM25_2012_1933",124.698829028481,65
"532","WAW17_2012_1934",168.210138320923,81
"533","SLK20_2012_1919",134.402198679854,70
"534","HEA9_2012_1920",144.238480181185,70
"535","SLK105_2012_1931",48.6974273681641,70
"536","RED103_2012_1757",153.356673997448,70
"537","SLK73_2012_1759",157.200561869106,70
"538","NIP104_2012_1761",102.626458797557,70
"539","NIP59_2012_1762",106.219468813526,70
"540","NIP49_2012_1763",174.514375905083,71
"541","NIP63_2012_1764",109.470001220703,70
"542","SLK26_2012_1765",167.034337495064,70
"543","SLK72_2012_1766",148.179710938204,70
"544","NIP24_2012_1838",95.0417123341839,70
"545","RED69_2012_1839",147.694150877955,70
"546","SLK101_2012_1840",152.173422638004,70
"547","RED53_2012_1842",138.717442441455,70
"548","RED61_2012_1843",155.658420967698,70
"549","RED57_2012_1845",143.778688135938,70
"550","SLK91_2012_1846",115.885380548282,70
"551","NIP60_2012_1848",103.298205460842,70
"552","SLK32_2012_1850",107.86992815575,70
"553","SLK74_2012_1851",158.330342324921,70
"554","KEN103_2012_1853",44.0941193389893,69
"555","RED94_2012_1854",116.448050716059,70
"556","SLK29_2012_1855",163.538700551112,70
"557","SLK82_2012_1857",154.410657994887,70
"558","THU35_2012_1858",107.744413939098,70
"559","RED60_2012_1899",165.30013827049,70
"560","RED66_2012_1900",149.362956047442,70
"561","RED52_2012_1902",118.745070463333,70
"562","RED64_2012_1905",147.929022147504,70
"563","RED72_2012_1906",89.3142736758675,70
"564","RED51_2012_1908",105.314840856709,70
"565","RED59_2012_1909",142.841249916175,70
"566","SLK97_2012_1910",136.264533879423,70
"567","NIP62_2012_1912",123.664141856651,70
"568","RED38_2012_1913",90.7269216117992,70
"569","SLK71_2012_1914",141.139268556461,70
"570","SLK81_2012_1915",128.948858455736,70
"571","RED71_2012_1918",89.4892227300861,70
"572","RED58_2012_1922",145.104868856227,70
"573","RED63_2012_1923",150.159227381182,70
"574","RED34_2012_1925",151.285288861408,70
"575","RED50_2012_1926",102.682900467223,70
"576","SLK79_2012_1927",160.526453319349,71
"577","SLK93_2012_1928",104.648902241923,70
"578","NIP61_2012_1930",103.59790882524,70
"579","SLK47_2012_1932",110.552424268486,70
"580","FOR59_2012_1935",40.9900910256126,69
"581","RED62_2012_1936",149.220046689518,70
"582","RED70_2012_1937",155.152079815065,70
"583","SLK51_2003_1403",97.4651572636387,96
"584","SLK70_2003_1431",100.207580812818,364
"585","NIP81_2003_1437",68.3831153438733,97
"586","RED93_2003_1545",83.7896541415184,96
"587","SLK80_2003_1547",111.707463192592,96
"588","RED4_2014_2019",92.449362598399,94
"589","SLK13_2014_1881",84.6259825570243,108
"590","RED8_2014_1882",57.0248255626875,220
"591","RED29_2014_2017",126.748619411843,107
"592","RED17_2014_2020",97.8813423147166,107
"593","RED124_2011_1958",111.944942224307,78
"594","NIP92_2003_1402",69.1271890303433,97
"595","NIP68_2003_1407",67.0351631142045,364
"596","RED90_2003_1422",89.1624133839327,96
"597","RED91_2003_1438",83.5868053887218,96
"598","SLK101_2003_1480",92.3400772745295,364
"599","NIP72_2003_1483",71.3039076718417,364
"600","SLK94_2003_1494",93.1110569450899,364
"601","RED82_2003_1498",93.8701676694394,96
"602","NIP95_2003_1500",72.037017586448,364
"603","SLK71_2003_1538",90.4790239085322,351
"604","NIP59_2003_1555",94.438418000383,97
"605","NIP79_2003_1558",70.00861787655,97
"606","DRY5_2003_1418",46.1599998474121,72
"607","FOR11_2003_1420",40.0197017588514,72
"608","NIP42_2003_1430",87.1162523382943,97
"609","SLK66_2003_1432",87.3087734552787,364
"610","FOR14_2003_1484",58.9968773854804,72
"611","SLK65_2003_1488",86.5325458169243,364
"612","RED32_2010_1751",93.9989849333037,63
"613","RED44_2010_1753",93.1667038091201,60
"614","RED26_2010_1755",97.1141866071428,62
"615","RED25_2010_1756",83.6426917139044,63
"616","NIP35_2010_1767",65.9767721696333,64
"617","HEA31_2010_1768",145.891558718057,88
"618","HEA20_2010_1770",103.928422335282,64
"619","FOR3_2010_1771",47.5889727947663,63
"620","KLK5_2010_1772",83.4423394203186,64
"621","TIM9_2010_1773",87.5937865506686,64
"622","TIM7_2010_1774",75.7721991186162,64
"623","WAW18_2010_1775",89.6372218797302,344
"624","TIM13_2010_1776",65.9679774718526,64
"625","SLK49_2010_1730",65.5913013129065,62
"626","SLK63_2010_1729",74.689788193189,86
"627","NIP41_2010_1731",59.1906268471166,64
"628","SLK65_2010_1732",76.5805242833957,59
"629","SLK64_2010_1733",75.9970829450487,59
"630","NIP27_2010_1734",59.5110997659367,87
"631","NIP45_2010_1752",52.2941123748494,64
"632","RED7_2008_1665",116.229856953861,103
"633","SLK34_2008_1666",92.6593841041267,122
"634","SLK29_2008_1667",94.377770615805,123
"635","THU38_2008_1668",89.6571343771024,96
"636","SLK97_2006_1591",100.768599554665,364
"637","NIP151_2006_1592",90.6226377806256,364
"638","SLK44_2006_1593",90.0708300410701,87
"639","RED14_2006_1594",78.1761567658069,85
"640","RED15_2006_1595",108.891605377197,85
"641","NIP327_2006_1596",49.5129010428287,364
"642","THU187_2006_1598",109.194510438388,65
"643","SLK118_2006_1590",87.5328054195497,85
"644","THU246_2006_1597",82.1838538060423,65
"645","SLK1_2003_1453",82.8942883569268,364
"646","SLK4_2003_1401",91.4722540463015,316
"647","RED27_2011_1701",116.659437901988,102
"648","RED93_2011_1738",120.159214893286,89
"649","SLK132_2011_1740",109.433439986037,108
"650","RED111_2011_1742",123.274608304822,89
"651","RED113_2011_1743",121.30598116923,89
"652","KEN91_2011_1748",65.8330976996623,364
"653","WAW12_2011_1749",128.418761160521,91
"654","TIM34_2011_1750",109.977714901879,78
"655","SLK40_2011_1693",81.2075366326224,109
"656","SLK46_2011_1694",77.3819496803835,109
"657","SLK45_2011_1695",71.6938966147507,109
"658","NIP34_2011_1696",87.9724662467225,109
"659","SLK79_2011_1697",82.4363789162095,109
"660","NIP47_2011_1698",111.797366554865,109
"661","SLK75_2011_1699",92.8145201084814,109
"662","SLK147_2011_1700",98.3387131679591,108
"663","RED91_2011_1702",125.283049866328,108
"664","RED35_2011_1721",132.945456291648,108
"665","RED121_2011_1722",123.07788121096,108
"666","RED66_2011_1723",92.6539923678925,89
"667","RED67_2011_1724",95.0596891610734,89
"668","NIP54_2011_1735",118.568524885778,109
"669","SLK103_2011_1736",112.433303417847,109
"670","SLK101_2011_1737",106.562771275713,108
"671","SLK57_2011_1739",101.845852642236,108
"672","SLK55_2011_1741",101.576476365249,108
"673","RED112_2011_1744",123.529998779297,89
"674","SLK71_2011_1745",108.309784530045,109
"675","THU57_2011_1746",96.6691528431446,108
"676","NIP94_2011_1747",75.4470274672678,86
"677","THU21_2009_1719",98.4441549165653,89
"678","COC16_2009_1720",181.659116025831,104
"679","SLK22_2009_1704",95.7386296265357,100
"680","SLK17_2009_1705",101.305300247975,138
"681","SLK10_2009_1706",92.2086921321878,129
"682","SLK13_2009_1707",82.3526674783437,100
"683","NIP23_2009_1708",82.6778401893685,101
"684","NIP21_2009_1709",90.3705238228414,138
"685","NIP20_2009_1710",83.7669432030888,138
"686","NIP19_2009_1711",91.986826578776,138
"687","SLK23_2009_1712",91.5922409571422,100
"688","NIP13_2009_1713",54.3234242788763,101
"689","NIP14_2009_1714",56.9569876122901,108
"690","SLK26_2009_1715",99.4599180837803,100
"691","RED10_2009_1716",89.5072157744768,100
"692","NIP10_2009_1717",46.104421536947,101
"693","NIP12_2009_1718",35.5822260338848,89
"694","COC37_2005_1533",151.827265935526,87
"695","COC14_2009_1703",134.637703338476,104
"696","CHA10_2010_1589",85.4300003051758,64
"697","NIP73_2001_41",90.938695589463,107
"698","SLK45_2001_44",115.406848254504,107
"699","NIP72_2001_68",90.5614370128718,88
"700","NIP74_2001_70",91.018449272908,107
"701","NIP53_2001_1",91.5064974368857,107
"702","NIP39_2001_2",95.4326168375278,107
"703","NIP35_2001_5",104.268288802207,111
"704","NIP24_2001_7",144.331415378346,111
"705","KLK2_2001_10",119.832769922463,71
"706","PEM3_2001_11",142.952217605237,71
"707","SLK3_2001_39",104.374540548774,87
"708","NIP26_2001_47",122.9330823831,111
"709","COC15_2001_48",204.548484572658,111
"710","PET1_2001_50",179.899993896484,71
"711","SLK44_2001_67",98.9550671404224,87
"712","SLK47_2001_69",108.565865412625,87
"713","RED39_2002_90",161.168921807798,117
"714","RED23_2002_168",128.284985049162,99
"715","RED21_2002_170",144.059415962783,99
"716","RED66_2002_181",179.01643789158,117
"717","RED5_2002_185",160.38700339423,117
"718","RED27_2002_191",125.964819091179,101
"719","NIP16_2002_77",82.5987620442708,95
"720","DRY10_2002_75",72.9083761439398,95
"721","RED47_2002_92",118.352096774832,99
"722","THU16_2002_102",170.598774564993,95
"723","RED60_2002_175",129.167296125856,100
"724","NIP52_2001_3",93.6593111261702,116
"725","NIP54_2001_40",90.4517050642308,107
"726","RED60_2001_42",138.745594383305,107
"727","SLK24_2001_43",107.867619312386,107
"728","NIP22_2001_46",121.748776021936,111
"729","RED61_2001_65",125.953306130001,107
"730","NIP55_2001_66",90.372539558033,107
"731","RED48_2001_72",102.187652977145,107
"732","NIP77_2001_49",125.884405573574,111
"733","SLK5_2002_12",137.083299341069,117
"734","SLK6_2002_13",162.63295689102,117
"735","SLK7_2002_14",147.315496423883,117
"736","SLK1_2002_16",168.559316828133,117
"737","SLK8_2002_18",151.946613138085,117
"738","SLK2_2002_51",166.702897143965,117
"739","SLK3_2002_52",167.755373957038,117
"740","SLK36_2002_56",152.232398605347,117
"741","NIP83_2002_88",119.212117882896,130
"742","RED40_2002_91",164.461731568413,117
"743","NIP38_2002_97",117.982080119128,100
"744","NIP55_2002_164",127.21085762637,130
"745","SLK70_2002_166",177.507471110208,130
"746","RED56_2002_167",137.747130728592,117
"747","RED41_2002_169",126.987055691806,99
"748","RED63_2002_171",138.650361192389,99
"749","SLK19_2002_172",193.260679149346,129
"750","NIP56_2002_174",105.175502774841,100
"751","NIP101_2002_176",137.126019233096,117
"752","SLK21_2002_177",165.804214424557,117
"753","SLK68_2002_178",180.267551181191,117
"754","SLK54_2002_179",192.282056990616,117
"755","NIP48_2002_180",150.819766930689,117
"756","NIP47_2002_182",151.396153083214,117
"757","RED38_2002_186",148.851606176534,117
"758","NIP79_2002_189",101.632966066965,100
"759","RED34_2002_190",133.073156357623,107
"760","SLK11_2002_54",164.642286888183,117
"761","SLK12_2002_55",166.228040111792,117
"762","RED55_2002_95",103.590126741197,99
"763","NIP81_2002_96",153.41713849949,95
"764","COC9_2002_100",242.888568708762,100
"765","PEM9_2002_104",72.0510018159375,84
"766","NIP54_2002_173",138.390003462712,101
"767","SLK17_2002_193",155.785389586773,100
"768","SLK5_2001_38",98.5144099850626,87
"769","SLK1_2001_63",110.532180185029,113
"770","SLK4_2001_64",103.833804112424,87
"771","SLK47_2002_73",121.883086656086,99
"772","SLK6_2001_37",93.3107002549252,87
"773","RED1_2002_15",157.099171697334,117
"774","SLK4_2002_17",139.23761880552,117
"775","COC12_2002_53",134.347870373335,117
"776","COC19_2002_74",160.844224706873,100
"777","SLK31_2002_89",170.776068313189,117
"778","NIP51_2002_94",110.435507208266,98
"779","RED57_2002_163",154.567701020086,117
"780","SLK30_2002_184",183.896375197001,117
"781","RED37_2002_187",150.788671366374,117
"782","NIP85_2002_103",89.6406022804218,95
"783","NIP75_2002_76",216.533936385795,95
