"","Fire_ID","avgBio","cc","age"
"1","NIP53_2001_1",32.9284553527832,26.7124843597412,54.7938842773438
"2","NIP39_2001_2",34.5895195007324,23.5859527587891,52.5725059509277
"3","NIP52_2001_3",47.038402557373,38.3239135742188,80.190055847168
"4","NIP35_2001_5",59.8611679077148,48.1126861572266,74.5037460327148
"5","NIP24_2001_7",43.9327507019043,36.3039855957031,73.5902633666992
"6","KLK2_2001_10",26.9608306884766,19.3764171600342,40.7536163330078
"7","PEM3_2001_11",13.7795333862305,5.4801778793335,9.42547416687012
"8","SLK5_2002_12",29.8408794403076,26.2746257781982,57.1213531494141
"9","SLK6_2002_13",25.738187789917,25.2676334381104,58.3619575500488
"10","SLK7_2002_14",30.5653896331787,26.1593570709229,62.4144821166992
"11","RED1_2002_15",42.0869827270508,37.6802177429199,71.0593643188477
"12","SLK1_2002_16",32.4237174987793,29.4448661804199,61.1643104553223
"13","SLK4_2002_17",28.9643306732178,25.2196559906006,55.6261215209961
"14","SLK8_2002_18",30.1271839141846,27.4809989929199,60.2548370361328
"15","SLK6_2001_37",26.99684715271,26.4064102172852,49.8034934997559
"16","SLK5_2001_38",32.257251739502,30.121639251709,61.1976661682129
"17","SLK3_2001_39",14.6005363464355,11.7540321350098,54.4956436157227
"18","NIP54_2001_40",39.9768943786621,36.623477935791,56.2254295349121
"19","NIP73_2001_41",11.5725812911987,8.43174076080322,62.7292671203613
"20","RED60_2001_42",86.8064346313477,66.6605987548828,83.1839370727539
"21","SLK24_2001_43",43.0113258361816,37.6969184875488,81.0373611450195
"22","SLK45_2001_44",52.4181785583496,45.5138130187988,94.7434310913086
"23","NIP22_2001_46",99.1936416625977,72.4169311523438,94.3389205932617
"24","NIP26_2001_47",96.8823013305664,76.5052795410156,95.3287658691406
"25","COC15_2001_48",27.9900531768799,19.6720008850098,68.7742538452148
"26","NIP77_2001_49",18.9713897705078,8.94376373291016,57.3096237182617
"27","PET1_2001_50",42.4896850585938,25.6797657012939,60.6659812927246
"28","SLK2_2002_51",15.1120386123657,13.5141868591309,63.4035873413086
"29","SLK3_2002_52",35.3990936279297,31.4870185852051,63.0549621582031
"30","COC12_2002_53",40.2109107971191,32.8248291015625,67.2773666381836
"31","SLK11_2002_54",36.9604187011719,31.4973907470703,56.1096153259277
"32","SLK12_2002_55",36.3635444641113,34.5603141784668,71.0475769042969
"33","SLK36_2002_56",24.4069328308105,20.6675605773926,63.2851028442383
"34","SLK1_2001_63",16.2327976226807,26.5607433319092,83.0688247680664
"35","SLK4_2001_64",7.19263792037964,6.71764421463013,24.858528137207
"36","RED61_2001_65",18.2765445709229,14.6767272949219,55.3004875183105
"37","NIP55_2001_66",47.2303123474121,36.6263732910156,67.2697372436523
"38","SLK44_2001_67",23.4485950469971,21.2656364440918,60.2782745361328
"39","NIP72_2001_68",18.8270874023438,16.1972522735596,55.6591529846191
"40","SLK47_2001_69",52.4229393005371,42.9330825805664,64.9739151000977
"41","NIP74_2001_70",32.8030738830566,25.4761695861816,53.4288520812988
"42","RED48_2001_72",15.0963087081909,11.5478935241699,80.7260589599609
"43","SLK47_2002_73",96.1273040771484,64.0334548950195,93.7140121459961
"44","COC19_2002_74",68.5398178100586,52.9662590026855,109.230674743652
"45","DRY10_2002_75",70.9684600830078,56.106616973877,66.6559982299805
"46","NIP75_2002_76",91.515022277832,59.7182540893555,93.2130889892578
"47","NIP16_2002_77",78.7472991943359,56.1761932373047,81.5909576416016
"48","NIP83_2002_88",32.3125152587891,25.4777355194092,60.136287689209
"49","SLK31_2002_89",44.2167549133301,35.5770263671875,72.3136215209961
"50","RED39_2002_90",40.7787818908691,44.2436485290527,69.9461898803711
"51","RED40_2002_91",12.3383073806763,15.5758628845215,53.0840225219727
"52","RED47_2002_92",97.2971954345703,66.7521133422852,86.8886489868164
"53","NIP51_2002_94",110.294136047363,75.9850845336914,115.32738494873
"54","RED55_2002_95",67.1793670654297,59.6116485595703,64.0053405761719
"55","NIP81_2002_96",108.452629089355,72.7112045288086,101.162261962891
"56","NIP38_2002_97",115.550163269043,80.3061676025391,124.305877685547
"57","COC9_2002_100",52.596565246582,35.312313079834,87.4075546264648
"58","THU16_2002_102",73.6039123535156,55.9564971923828,67.9518585205078
"59","NIP85_2002_103",115.354019165039,73.6562881469727,81.8281326293945
"60","PEM9_2002_104",30.5351142883301,19.7944717407227,31.9541416168213
"61","RED57_2002_163",48.8005523681641,51.2026901245117,68.1939926147461
"62","NIP55_2002_164",32.5165061950684,27.4394187927246,62.6236419677734
"63","SLK70_2002_166",59.1780014038086,41.9547691345215,87.7799453735352
"64","RED56_2002_167",49.3046226501465,50.2669448852539,69.0125122070312
"65","RED23_2002_168",55.9418678283691,54.5200614929199,80.8191452026367
"66","RED41_2002_169",57.9124908447266,64.2509918212891,69.3318252563477
"67","RED21_2002_170",64.2961883544922,56.4553070068359,81.7133331298828
"68","RED63_2002_171",41.1502456665039,43.247013092041,76.4252014160156
"69","SLK19_2002_172",47.6755828857422,45.7035789489746,91.59521484375
"70","NIP54_2002_173",101.891784667969,76.9908905029297,97.3785705566406
"71","NIP56_2002_174",46.9753723144531,36.8449668884277,90.5152359008789
"72","RED60_2002_175",93.7233505249023,72.2725448608398,83.9964828491211
"73","NIP101_2002_176",21.8588447570801,19.1047439575195,52.2093505859375
"74","SLK21_2002_177",14.3217363357544,15.3351917266846,50.9106216430664
"75","SLK68_2002_178",49.3905487060547,41.4226608276367,88.4268417358398
"76","SLK54_2002_179",37.2744445800781,34.609920501709,68.2338409423828
"77","NIP48_2002_180",31.4854602813721,24.9172668457031,49.5302734375
"78","RED66_2002_181",33.3843650817871,35.7452392578125,67.4372253417969
"79","NIP47_2002_182",29.0293312072754,23.575611114502,44.2839965820312
"80","SLK30_2002_184",41.6988182067871,38.6697998046875,71.2568283081055
"81","RED5_2002_185",31.6854133605957,32.167781829834,66.1530456542969
"82","RED38_2002_186",54.8548622131348,50.4660453796387,73.6972808837891
"83","RED37_2002_187",29.700288772583,36.7552642822266,62.3411407470703
"84","NIP79_2002_189",29.546350479126,23.1112747192383,50.7121353149414
"85","RED34_2002_190",58.182689666748,53.2850646972656,73.8954544067383
"86","RED27_2002_191",76.7374649047852,66.3483047485352,82.5366058349609
"87","SLK17_2002_193",76.7163543701172,60.0495338439941,106.729614257812
"88","SLK4_2003_1401",27.3562240600586,29.9389553070068,59.0295600891113
"89","NIP92_2003_1402",70.6810989379883,57.7527046203613,89.7516250610352
"90","SLK51_2003_1403",81.8655548095703,61.7158432006836,102.680152893066
"91","WAW21_2003_1406",83.2938613891602,54.3035888671875,93.7702941894531
"92","NIP68_2003_1407",49.8298187255859,46.9280586242676,73.150764465332
"93","WAW13_2003_1409",70.3482131958008,51.9107246398926,80.0186386108398
"94","DRY57_2003_1410",67.7519912719727,60.2738647460938,63.8887710571289
"95","SLK58_2003_1412",82.9887847900391,60.2226486206055,94.0567245483398
"96","DRY5_2003_1418",23.4553661346436,14.9879159927368,30.4260540008545
"97","FOR11_2003_1420",86.5285339355469,68.6070938110352,74.917724609375
"98","NIP58_2003_1421",77.3956604003906,69.3851318359375,82.1611709594727
"99","RED90_2003_1422",18.7456302642822,21.1487655639648,82.0092086791992
"100","KEN110_2003_1423",62.3498077392578,52.1711235046387,66.8829803466797
"101","RED68_2003_1428",53.2115478515625,50.4613952636719,55.5776748657227
"102","NIP42_2003_1430",95.2916259765625,69.9464340209961,100.448806762695
"103","SLK70_2003_1431",27.4719429016113,23.2867164611816,55.7695121765137
"104","SLK66_2003_1432",28.8693752288818,26.9274444580078,55.3289985656738
"105","SLK20_2003_1434",107.317153930664,79.8221664428711,81.8260650634766
"106","SAU7_2003_1436",27.4956130981445,24.9505653381348,49.4082221984863
"107","NIP81_2003_1437",68.4651031494141,52.5885276794434,91.2218627929688
"108","RED91_2003_1438",37.4373626708984,37.2608871459961,66.4677886962891
"109","RED65_2003_1440",71.6021881103516,61.5876617431641,73.3930435180664
"110","DRY58_2003_1441",72.0473556518555,56.6502723693848,67.1446380615234
"111","SLK1_2003_1453",34.2442855834961,28.7008743286133,62.8308639526367
"112","SLK57_2003_1479",89.8035354614258,67.0212173461914,100.235748291016
"113","SLK101_2003_1480",29.9532356262207,31.1020221710205,64.3184280395508
"114","NIP72_2003_1483",28.3451862335205,23.7512397766113,42.6790733337402
"115","FOR14_2003_1484",67.3355331420898,46.6394271850586,64.0053863525391
"116","NIP17_2003_1485",94.1498031616211,71.2081832885742,108.052619934082
"117","SLK65_2003_1488",34.2926445007324,29.4722843170166,60.7681312561035
"118","SLK94_2003_1494",43.7487106323242,38.8774108886719,73.568244934082
"119","KLK5_2003_1495",43.0733642578125,32.8975143432617,44.3371887207031
"120","KLK9_2003_1496",74.8881149291992,52.9544296264648,76.8685455322266
"121","RED82_2003_1498",44.3412895202637,32.8065567016602,67.5030899047852
"122","NIP95_2003_1500",34.7989044189453,29.118185043335,70.6438903808594
"123","THU28_2003_1502",60.753963470459,42.110652923584,61.8514404296875
"124","WAW23_2003_1503",74.2804489135742,54.2152709960938,92.1700057983398
"125","KLK9_2004_1508",82.5408401489258,59.7905769348145,91.0957946777344
"126","THU31_2005_1510",107.234832763672,79.9476852416992,98.3065719604492
"127","HEA63_2005_1511",104.543464660645,66.0616455078125,110.862380981445
"128","TIM19_2005_1512",34.906436920166,23.6929302215576,54.6067543029785
"129","CHA18_2005_1513",76.5823287963867,54.1185874938965,92.6109848022461
"130","FOR14_2005_1514",77.4803619384766,59.4845809936523,76.6519393920898
"131","TIM7_2005_1515",80.3264083862305,62.5608253479004,78.7727584838867
"132","FOR24_2005_1516",80.209587097168,58.701961517334,67.8437461853027
"133","TIM5_2005_1517",81.5326385498047,55.6787490844727,80.8953170776367
"134","NIP112_2005_1518",102.747909545898,70.6497802734375,99.7985305786133
"135","COC10_2005_1519",74.6438217163086,53.7310218811035,105.772071838379
"136","FOR18_2005_1520",69.2440338134766,52.1072006225586,71.0545272827148
"137","NIP20_2005_1521",107.415519714355,75.3913116455078,96.9455718994141
"138","NIP52_2005_1522",77.4769439697266,59.452262878418,79.2132263183594
"139","NIP80_2005_1523",74.7704544067383,58.2282257080078,72.4830474853516
"140","THU30_2005_1525",102.18106842041,70.490966796875,94.6733856201172
"141","THU57_2005_1526",72.720573425293,53.8135566711426,81.1620941162109
"142","THU65_2005_1527",74.8179473876953,51.5748634338379,89.0625076293945
"143","THU67_2005_1528",89.7830429077148,60.4044799804688,91.2460479736328
"144","TIM56_2005_1529",72.7978363037109,52.174259185791,82.3894500732422
"145","COC37_2005_1533",29.8983764648438,28.9854373931885,86.4568328857422
"146","SLK40_2005_1534",28.1924610137939,30.4382438659668,61.220760345459
"147","SLK25_2005_1535",84.2929763793945,70.4226150512695,102.3857421875
"148","NIP104_2005_1536",112.87281036377,77.7447814941406,110.317741394043
"149","THU66_2003_1537",95.0562133789062,64.900146484375,93.5423812866211
"150","SLK71_2003_1538",34.8036994934082,33.3886222839355,62.3364791870117
"151","RED93_2003_1545",43.4094009399414,43.3278846740723,69.7294998168945
"152","SLK80_2003_1547",67.1535110473633,57.971508026123,93.5450286865234
"153","NIP59_2003_1555",94.7298965454102,72.9103012084961,115.88639831543
"154","NIP79_2003_1558",112.010398864746,78.32177734375,115.97176361084
"155","SAU78_2006_1560",126.024879455566,83.2721481323242,89.3248977661133
"156","SUD8_2006_1561",53.0444412231445,37.4000930786133,68.2001075744629
"157","RED11_2007_1562",34.5984802246094,36.2716102600098,71.5570297241211
"158","NIP40_2007_1564",27.9070243835449,19.6329174041748,84.6329803466797
"159","DRY8_2007_1565",66.3816452026367,46.6825942993164,87.5187454223633
"160","KEN41_2007_1566",58.6764526367188,47.4532318115234,76.449462890625
"161","NIP262_2006_1567",74.79638671875,57.9269065856934,76.0224151611328
"162","THU113_2006_1568",56.0827941894531,38.1374168395996,79.1368560791016
"163","NIP406_2006_1569",27.7389755249023,19.4858722686768,43.174015045166
"164","NIP409_2006_1570",36.7921905517578,24.0754146575928,59.0901107788086
"165","NIP238_2006_1571",105.375617980957,72.4764556884766,98.4604339599609
"166","NIP426_2006_1572",99.4544296264648,67.4396896362305,94.3500137329102
"167","NIP322_2006_1573",58.1538391113281,51.425537109375,60.9998474121094
"168","NIP365_2006_1574",102.992805480957,68.3865737915039,99.2240905761719
"169","NIP391_2006_1575",103.093559265137,70.1949005126953,99.3738174438477
"170","RED84_2006_1576",29.4999694824219,37.4499282836914,57.4309005737305
"171","RED175_2006_1577",28.2900505065918,35.2824172973633,59.2852363586426
"172","RED177_2006_1579",40.368236541748,34.266773223877,83.6798934936523
"173","NIP189_2006_1580",66.6005477905273,50.874942779541,102.65315246582
"174","SLK30_2006_1581",65.3806076049805,54.7609977722168,104.546295166016
"175","NIP70_2006_1583",96.1795120239258,68.9733352661133,102.498001098633
"176","THU36_2007_1584",44.7071800231934,49.1897659301758,49.5763053894043
"177","TIM3_2007_1585",72.1528549194336,44.109016418457,102.621734619141
"178","SUD46_2007_1586",70.7498931884766,54.1416320800781,83.5306930541992
"179","SAU13_2007_1587",96.9067153930664,64.8409652709961,86.3479232788086
"180","PEM2_2007_1588",91.5924072265625,53.6163520812988,72.5685806274414
"181","CHA10_2010_1589",36.9402656555176,34.0244216918945,68.7800750732422
"182","SLK118_2006_1590",33.7969398498535,31.8355903625488,68.9005699157715
"183","SLK97_2006_1591",83.1783828735352,56.8247718811035,84.2624282836914
"184","NIP151_2006_1592",73.3293838500977,64.3898696899414,91.4786911010742
"185","SLK44_2006_1593",31.2839775085449,26.0374927520752,59.6764488220215
"186","RED14_2006_1594",54.526554107666,47.8294067382812,75.676399230957
"187","RED15_2006_1595",36.6016120910645,36.0596122741699,88.5050430297852
"188","NIP327_2006_1596",40.9492797851562,39.151294708252,52.6352233886719
"189","THU246_2006_1597",90.4314727783203,70.4629516601562,72.7498016357422
"190","THU187_2006_1598",94.8721542358398,77.400016784668,59.0826873779297
"191","SLK45_2006_1599",38.6539573669434,30.9690532684326,64.7077026367188
"192","NIP440_2006_1601",77.6849899291992,55.5445671081543,89.4817733764648
"193","NIP410_2006_1602",83.5263137817383,56.3335571289062,93.683837890625
"194","NIP257_2006_1604",81.7809143066406,60.8153228759766,80.1436233520508
"195","NIP245_2006_1605",58.6371078491211,49.7458877563477,78.4095611572266
"196","COC14_2006_1606",82.7901229858398,62.073112487793,79.9498138427734
"197","NIP323_2006_1607",38.8509712219238,35.8728981018066,52.2906761169434
"198","NIP328_2006_1608",65.2501678466797,58.5117645263672,68.9649887084961
"199","NIP296_2006_1609",50.5238189697266,42.5095748901367,66.1404418945312
"200","THU189_2006_1610",62.2501602172852,53.0707893371582,59.7820129394531
"201","NIP291_2006_1611",98.9261856079102,61.5658111572266,99.662353515625
"202","NIP404_2006_1612",113.797157287598,75.6376800537109,100.582550048828
"203","NIP400_2006_1613",106.194442749023,71.8267135620117,99.9922866821289
"204","NIP341_2006_1614",80.839973449707,61.3309173583984,67.2542533874512
"205","NIP402_2006_1615",90.1402587890625,67.6387481689453,105.190567016602
"206","NIP334_2006_1616",77.3015289306641,65.0978622436523,90.7503814697266
"207","FOR52_2006_1617",78.9649429321289,64.5187149047852,68.9961051940918
"208","FOR173_2006_1618",101.848472595215,75.0548858642578,75.6405868530273
"209","FOR54_2006_1619",78.5568771362305,69.5561447143555,64.6122016906738
"210","FOR165_2006_1620",70.7575454711914,54.4388313293457,70.1083145141602
"211","FOR57_2006_1621",96.3329467773438,72.6002807617188,71.9646987915039
"212","FOR63_2006_1622",77.8576278686523,60.8197860717773,77.4033355712891
"213","FOR179_2006_1623",94.3945465087891,66.7618942260742,83.1553726196289
"214","FOR61_2006_1624",97.8392333984375,72.1087036132812,73.154296875
"215","RED163_2006_1625",47.2609443664551,47.8530693054199,88.7974319458008
"216","RED182_2006_1626",41.1917343139648,41.8303909301758,66.7334480285645
"217","RED183_2006_1627",60.0793228149414,54.7678298950195,67.2347412109375
"218","RED146_2006_1628",39.8800811767578,39.7374229431152,73.4164886474609
"219","RED113_2006_1629",30.4342594146729,31.7738456726074,68.4396476745605
"220","RED176_2006_1632",43.983024597168,44.8715286254883,68.1927299499512
"221","THU185_2006_1633",99.2238540649414,72.3177337646484,86.265983581543
"222","THU142_2006_1634",46.3531074523926,39.4810409545898,67.157154083252
"223","THU234_2006_1635",81.7579116821289,64.9360809326172,73.5717163085938
"224","THU190_2006_1636",88.6694793701172,61.5048904418945,74.360221862793
"225","NIP430_2006_1637",78.3264846801758,58.5736198425293,80.2547912597656
"226","THU144_2006_1638",62.7766189575195,60.8821716308594,65.6213150024414
"227","THU249_2006_1639",78.8308944702148,56.7421035766602,66.2085800170898
"228","THU163_2006_1640",48.6206436157227,42.8151435852051,58.7372398376465
"229","NIP267_2006_1641",72.1186752319336,65.8931579589844,78.3419342041016
"230","THU143_2006_1642",54.9178733825684,41.6935729980469,66.6502990722656
"231","NIP344_2006_1643",48.6215858459473,37.6838989257812,78.9874420166016
"232","NIP226_2006_1644",75.659065246582,60.8222465515137,73.1303482055664
"233","NIP415_2006_1645",61.9689102172852,59.945442199707,70.2667236328125
"234","NIP428_2006_1646",61.3691787719727,52.6602935791016,65.9527397155762
"235","THU184_2006_1647",39.1917991638184,40.1606559753418,54.6335678100586
"236","NIP414_2006_1648",76.7361068725586,58.2923469543457,92.5655136108398
"237","COC8_2006_1649",72.7496337890625,59.7684211730957,79.8728713989258
"238","THU151_2006_1650",25.345100402832,56.5835113525391,44.3714485168457
"239","NIP108_2006_1651",65.3649597167969,60.6371879577637,85.4665298461914
"240","THU176_2006_1652",19.0141201019287,28.7009143829346,30.0087547302246
"241","THU167_2006_1653",81.0030288696289,63.4681663513184,72.9301605224609
"242","COC9_2006_1654",70.1461334228516,58.0645751953125,61.8104248046875
"243","NIP276_2006_1655",74.5570678710938,54.8409042358398,85.2268447875977
"244","NIP413_2006_1656",50.7372512817383,33.5249710083008,74.6669692993164
"245","NIP411_2006_1657",75.3895492553711,53.2446784973145,96.4326934814453
"246","SLK11_2007_1658",63.4753837585449,53.812255859375,74.2605438232422
"247","DRY10_2007_1659",61.5518074035645,48.5521240234375,64.9540824890137
"248","NIP26_2007_1660",71.2615966796875,60.0569534301758,68.2421951293945
"249","THU39_2007_1661",52.1874084472656,59.7082481384277,63.0572776794434
"250","THU37_2007_1662",64.6724014282227,51.0943908691406,67.9443702697754
"251","NIP380_2006_1663",64.6962356567383,49.4062538146973,85.7294387817383
"252","NIP338_2006_1664",50.1032943725586,37.5951309204102,60.1593208312988
"253","RED7_2008_1665",50.9048652648926,46.0241279602051,69.4875373840332
"254","SLK34_2008_1666",68.0406723022461,49.7097854614258,108.60245513916
"255","SLK29_2008_1667",40.632022857666,31.3810501098633,82.6247634887695
"256","THU38_2008_1668",96.4080200195312,64.8277587890625,96.6082916259766
"257","SLK84_2011_1669",79.3613510131836,62.9095191955566,104.378829956055
"258","RED51_2011_1670",63.5004081726074,53.4135932922363,103.672866821289
"259","RED36_2011_1671",40.8884696960449,37.0179176330566,89.103874206543
"260","SLK40_2006_1672",54.9032135009766,49.2802505493164,91.3192367553711
"261","RED69_2006_1673",64.134391784668,59.577808380127,90.4374084472656
"262","SLK38_2006_1674",48.4636573791504,37.4965209960938,84.9612579345703
"263","SLK42_2006_1675",48.9388542175293,41.8292274475098,90.9729080200195
"264","RED188_2006_1676",49.3714752197266,47.6337432861328,72.3346252441406
"265","RED186_2006_1677",54.902717590332,50.4919929504395,70.8781585693359
"266","RED184_2006_1678",41.8155403137207,37.1669998168945,77.3966598510742
"267","RED16_2006_1679",33.8750648498535,30.4030342102051,62.9004440307617
"268","RED192_2006_1680",30.3290481567383,44.440372467041,49.4603309631348
"269","SLK48_2006_1681",67.5546798706055,61.217830657959,91.6487655639648
"270","RED193_2006_1682",67.8388900756836,56.9624633789062,84.7873840332031
"271","RED44_2006_1683",44.8692436218262,39.1057510375977,70.3926315307617
"272","NIP81_2006_1684",117.404296875,82.8785552978516,119.121353149414
"273","COC34_2006_1686",105.316284179688,70.2681045532227,119.583831787109
"274","THU154_2006_1687",99.8085632324219,70.1430358886719,90.583251953125
"275","THU133_2006_1688",103.514778137207,74.2378463745117,79.0719299316406
"276","THU192_2006_1689",105.117797851562,76.0439300537109,79.6642837524414
"277","THU232_2006_1690",93.3345718383789,69.9381713867188,81.5349884033203
"278","DRY79_2006_1692",70.6218795776367,60.2110595703125,72.3149108886719
"279","SLK40_2011_1693",28.3608722686768,23.9835205078125,64.9796371459961
"280","SLK46_2011_1694",41.0223503112793,31.9016799926758,72.593017578125
"281","SLK45_2011_1695",21.1792793273926,20.0906810760498,57.5970306396484
"282","NIP34_2011_1696",38.8522300720215,31.4782657623291,79.0536804199219
"283","SLK79_2011_1697",51.8687133789062,42.838321685791,87.3033981323242
"284","NIP47_2011_1698",43.6709594726562,35.8159255981445,83.5027236938477
"285","SLK75_2011_1699",59.2930221557617,49.2194328308105,98.5878295898438
"286","SLK147_2011_1700",88.0907821655273,72.1848449707031,101.32438659668
"287","RED27_2011_1701",58.2725791931152,49.1926803588867,85.8004302978516
"288","RED91_2011_1702",44.6725883483887,43.5033226013184,85.4329299926758
"289","COC14_2009_1703",28.5795402526855,22.0209636688232,90.3601608276367
"290","SLK22_2009_1704",34.5749816894531,31.1094303131104,75.9553756713867
"291","SLK17_2009_1705",29.0210247039795,27.7797870635986,74.7683715820312
"292","SLK10_2009_1706",31.8386917114258,27.1553440093994,64.0375747680664
"293","SLK13_2009_1707",49.7469177246094,40.5672073364258,91.1238098144531
"294","NIP23_2009_1708",36.7364120483398,30.843111038208,69.2178230285645
"295","NIP21_2009_1709",37.521785736084,37.2463760375977,75.8892440795898
"296","NIP20_2009_1710",37.690544128418,32.0726432800293,70.1970863342285
"297","NIP19_2009_1711",44.4968948364258,33.6816635131836,76.8212356567383
"298","SLK23_2009_1712",61.9004020690918,54.704174041748,90.7604751586914
"299","NIP13_2009_1713",76.5937652587891,58.7422332763672,97.9027404785156
"300","NIP14_2009_1714",66.6935501098633,49.6408767700195,99.23095703125
"301","SLK26_2009_1715",76.9681777954102,63.6617546081543,97.8549423217773
"302","RED10_2009_1716",60.0251121520996,48.4719848632812,98.7612609863281
"303","NIP10_2009_1717",71.8481903076172,56.329418182373,107.461090087891
"304","NIP12_2009_1718",99.3141021728516,73.3043441772461,117.064277648926
"305","THU21_2009_1719",90.1194839477539,60.0342445373535,94.1974182128906
"306","COC16_2009_1720",60.821849822998,42.2209358215332,118.166275024414
"307","RED35_2011_1721",45.2306938171387,53.4632339477539,78.2305603027344
"308","RED121_2011_1722",88.8147201538086,68.1948394775391,114.282348632812
"309","RED66_2011_1723",31.3866233825684,53.1045951843262,49.2510719299316
"310","RED67_2011_1724",29.1828842163086,44.5615577697754,50.6645240783691
"311","RED7_2009_1725",61.5681953430176,54.9792938232422,91.2510604858398
"312","SLK25_2009_1726",79.4528961181641,63.3703575134277,102.148529052734
"313","SLK24_2009_1727",88.9290161132812,69.4905014038086,105.761054992676
"314","SLK63_2010_1729",29.071325302124,30.5553321838379,73.0226287841797
"315","SLK49_2010_1730",52.4202423095703,42.2093124389648,98.7057342529297
"316","NIP41_2010_1731",84.8840942382812,71.7611694335938,99.317985534668
"317","SLK65_2010_1732",35.1694068908691,28.5334777832031,70.0255279541016
"318","SLK64_2010_1733",29.0338039398193,31.2300052642822,76.6168746948242
"319","NIP27_2010_1734",45.4927597045898,38.6899795532227,76.9742889404297
"320","NIP54_2011_1735",84.3786849975586,65.7167816162109,108.823883056641
"321","SLK103_2011_1736",82.1735000610352,63.4179306030273,108.666709899902
"322","SLK101_2011_1737",54.5725936889648,44.5984992980957,115.370964050293
"323","RED93_2011_1738",76.3169250488281,55.2871322631836,87.4455490112305
"324","SLK57_2011_1739",62.6057090759277,53.1521797180176,111.612838745117
"325","SLK132_2011_1740",55.7464332580566,45.9725799560547,95.5885925292969
"326","SLK55_2011_1741",64.4767379760742,56.3036079406738,101.065307617188
"327","RED111_2011_1742",81.7789611816406,61.4174575805664,102.036056518555
"328","RED113_2011_1743",89.750602722168,65.109489440918,103.814514160156
"329","RED112_2011_1744",106.239479064941,78.8822174072266,88.9046249389648
"330","SLK71_2011_1745",79.3634948730469,60.710205078125,93.4581146240234
"331","THU57_2011_1746",87.1977233886719,59.568172454834,102.859397888184
"332","NIP94_2011_1747",98.4754180908203,75.879997253418,89.4843826293945
"333","KEN91_2011_1748",59.9463195800781,44.0116081237793,74.2209930419922
"334","WAW12_2011_1749",45.307933807373,37.3604507446289,79.4310455322266
"335","TIM34_2011_1750",39.2233772277832,39.6196174621582,69.8807525634766
"336","RED32_2010_1751",81.1004867553711,60.7352142333984,97.6899948120117
"337","NIP45_2010_1752",60.4687843322754,51.2949142456055,88.7424011230469
"338","RED44_2010_1753",100.002471923828,71.2860870361328,94.3760604858398
"339","RED26_2010_1755",106.554046630859,69.1543350219727,100.819885253906
"340","RED25_2010_1756",62.6708106994629,60.3368988037109,77.723503112793
"341","NIP35_2010_1767",80.4251174926758,64.6570816040039,102.78524017334
"342","HEA31_2010_1768",80.8100509643555,60.8184776306152,104.473777770996
"343","HEA20_2010_1770",63.4418716430664,42.3783798217773,99.7844924926758
"344","FOR3_2010_1771",15.4531936645508,7.99297475814819,22.6072883605957
"345","KLK5_2010_1772",22.5338344573975,12.9568653106689,30.7693061828613
"346","TIM9_2010_1773",50.8686866760254,41.6562957763672,68.0976905822754
"347","TIM7_2010_1774",88.2906723022461,59.3856468200684,108.137733459473
"348","WAW18_2010_1775",75.9696197509766,57.7542610168457,77.6303253173828
"349","TIM13_2010_1776",62.8089790344238,51.0490074157715,94.7141036987305
"350","RED65_2011_1777",25.9763088226318,39.6315994262695,52.1513557434082
"351","RED114_2011_1778",108.62378692627,73.6061248779297,92.675651550293
"352","RED107_2011_1779",30.3398265838623,32.4188652038574,66.6921577453613
"353","RED118_2011_1780",42.5003700256348,39.6973609924316,82.8558807373047
"354","SLK85_2011_1781",42.8628883361816,34.0676460266113,78.7497100830078
"355","SLK87_2011_1782",71.3846817016602,55.7803001403809,94.4552001953125
"356","RED100_2011_1783",50.1227607727051,51.4905662536621,80.7814254760742
"357","RED54_2011_1784",53.9003677368164,53.3080940246582,83.6284408569336
"358","SLK48_2011_1785",46.8270988464355,38.8844718933105,87.0581817626953
"359","SLK88_2011_1786",56.1610527038574,47.1472091674805,90.2303848266602
"360","RED55_2011_1787",75.3536605834961,65.0603790283203,94.2755813598633
"361","SLK47_2011_1788",61.3083038330078,48.3945922851562,104.250701904297
"362","RED32_2011_1789",50.5887641906738,54.6331100463867,83.2647094726562
"363","RED123_2011_1790",53.4503479003906,52.5887069702148,72.1064376831055
"364","NIP40_2011_1791",79.5884552001953,58.8076782226562,102.656356811523
"365","RED53_2011_1792",81.5557022094727,61.6018104553223,106.016120910645
"366","RED120_2011_1793",42.0102500915527,52.7022476196289,56.8802642822266
"367","RED122_2011_1794",88.6284255981445,60.0358810424805,102.262023925781
"368","RED23_2011_1795",25.8090496063232,36.2180519104004,58.7527236938477
"369","RED24_2011_1796",51.9729385375977,54.6890525817871,74.5890197753906
"370","RED22_2011_1797",54.6475982666016,50.0038299560547,78.8726196289062
"371","SLK38_2011_1798",35.5108642578125,37.3565979003906,78.4501647949219
"372","RED58_2011_1799",55.4962425231934,50.3067893981934,81.4579620361328
"373","RED82_2011_1800",75.0384902954102,63.8536682128906,96.3596649169922
"374","RED73_2011_1801",62.1325836181641,50.4895973205566,98.1810302734375
"375","RED101_2011_1802",77.3553924560547,57.673397064209,94.0378036499023
"376","RED106_2011_1803",80.537467956543,64.5789794921875,101.121940612793
"377","RED96_2011_1804",64.5413131713867,55.1661605834961,91.0785293579102
"378","SLK50_2011_1805",53.1642646789551,49.314510345459,90.7211761474609
"379","RED26_2011_1806",62.2422027587891,55.5720825195312,81.1505584716797
"380","SLK70_2011_1807",55.6592445373535,46.8463935852051,95.3714447021484
"381","SLK51_2011_1808",62.6783790588379,50.2399864196777,98.0369567871094
"382","RED29_2011_1809",55.0164642333984,48.9978675842285,86.7711181640625
"383","SLK76_2011_1810",54.0609970092773,46.7321929931641,99.1831817626953
"384","NIP55_2011_1811",82.779655456543,65.9534759521484,108.16561126709
"385","RED103_2011_1812",54.9686317443848,39.6738815307617,83.0565795898438
"386","RED50_2011_1813",55.189380645752,42.0744819641113,97.6961669921875
"387","RED52_2011_1814",44.9305534362793,46.0865440368652,92.9747772216797
"388","SLK60_2011_1815",56.718807220459,46.1331481933594,100.430107116699
"389","RED72_2011_1816",38.0326271057129,48.8253402709961,55.7984504699707
"390","SLK95_2011_1817",90.323371887207,66.4807815551758,111.568351745605
"391","RED85_2011_1818",66.5843505859375,54.1078643798828,79.6591949462891
"392","SLK61_2011_1819",63.9951782226562,56.1114959716797,88.3338317871094
"393","SLK64_2011_1820",86.9743423461914,61.8195724487305,104.763107299805
"394","SLK35_2011_1821",86.1716842651367,63.0207405090332,104.952484130859
"395","SLK65_2011_1822",59.6384506225586,52.3497657775879,114.524070739746
"396","RED84_2011_1823",86.6707534790039,59.0771789550781,97.9295120239258
"397","SLK82_2011_1824",88.5614471435547,62.7898559570312,106.401832580566
"398","THU58_2011_1825",119.454368591309,78.7686614990234,102.997512817383
"399","THU50_2011_1826",92.1394500732422,61.8628807067871,100.74161529541
"400","COC25_2011_1827",45.5755386352539,39.3491287231445,99.9307250976562
"401","THU51_2011_1828",110.984588623047,74.5216827392578,108.35669708252
"402","THU33_2011_1829",90.1442794799805,65.4109649658203,98.8396224975586
"403","THU80_2011_1830",104.663497924805,69.2104797363281,98.2773818969727
"404","THU22_2011_1831",94.2483596801758,65.1448669433594,96.1221618652344
"405","KEN27_2011_1832",55.9006881713867,63.1649398803711,67.0142631530762
"406","FOR42_2011_1834",91.3668060302734,70.881965637207,77.1707534790039
"407","NIP66_2011_1835",89.556526184082,59.6379814147949,100.313232421875
"408","FOR17_2011_1836",92.8269653320312,63.698127746582,76.418342590332
"409","SAU20_2011_1837",118.581024169922,69.730094909668,103.477439880371
"410","RED124_2011_1958",78.0748519897461,59.2111587524414,83.2388153076172
"411","RED103_2012_1757",69.8562698364258,61.8257675170898,75.5035171508789
"412","RED41_2012_1758",87.9190521240234,71.1605834960938,81.5032196044922
"413","SLK73_2012_1759",60.2447814941406,50.7620086669922,85.8959884643555
"414","SLK85_2012_1760",49.168514251709,38.5080032348633,74.2187042236328
"415","NIP104_2012_1761",75.0869750976562,64.6115570068359,84.6779479980469
"416","NIP59_2012_1762",79.8571166992188,61.6600761413574,93.6007461547852
"417","NIP49_2012_1763",29.9982891082764,27.2021503448486,59.4936866760254
"418","NIP63_2012_1764",48.3889312744141,44.5801162719727,88.5529403686523
"419","SLK26_2012_1765",51.9359855651855,45.8425102233887,86.5502243041992
"420","SLK72_2012_1766",91.0693664550781,69.1068115234375,100.512817382812
"421","NIP24_2012_1838",63.2267265319824,61.1661148071289,83.8536682128906
"422","RED69_2012_1839",49.2256240844727,56.4010047912598,62.8815727233887
"423","SLK101_2012_1840",60.0345077514648,50.8836669921875,97.6013412475586
"424","KLK8_2012_1841",65.6784591674805,47.5030555725098,73.669807434082
"425","RED53_2012_1842",42.6432495117188,40.8899307250977,65.3778915405273
"426","RED61_2012_1843",27.5219383239746,28.064790725708,59.1138534545898
"427","RED49_2012_1844",58.3533058166504,52.3541221618652,76.3487777709961
"428","RED57_2012_1845",73.8002624511719,61.2081489562988,87.0661315917969
"429","SLK91_2012_1846",86.3496856689453,67.5412750244141,92.7799224853516
"430","NIP60_2012_1848",48.1915016174316,43.0767555236816,90.5304412841797
"431","RED28_2012_1849",77.5253372192383,71.0171356201172,74.9666519165039
"432","SLK32_2012_1850",95.9056930541992,76.5941162109375,96.3653259277344
"433","SLK74_2012_1851",81.3611221313477,68.0050659179688,90.6692352294922
"434","TIM9_2012_1852",77.3322067260742,56.510009765625,80.3070068359375
"435","KEN103_2012_1853",71.0751724243164,51.7396354675293,66.9008560180664
"436","RED94_2012_1854",42.4841194152832,38.9462852478027,61.2466697692871
"437","SLK29_2012_1855",73.7665863037109,63.1204299926758,88.507438659668
"438","KLK13_2012_1856",79.2367324829102,57.0199317932129,75.5885009765625
"439","SLK82_2012_1857",68.6028366088867,59.0325050354004,90.335693359375
"440","THU35_2012_1858",77.836540222168,55.3967742919922,88.7796478271484
"441","THU65_2012_1859",71.339485168457,53.1204605102539,93.5026245117188
"442","NIP48_2013_1860",30.812873840332,25.908805847168,69.5928573608398
"443","SLK25_2013_1861",37.2192268371582,30.9987640380859,81.7718124389648
"444","RED31_2013_1862",78.6433486938477,56.4949607849121,83.6165161132812
"445","SLK45_2013_1863",35.6404609680176,32.1046829223633,67.6436233520508
"446","NIP44_2013_1864",45.4073448181152,39.7614517211914,85.8434143066406
"447","RED32_2013_1865",67.3806304931641,49.6349067687988,81.0879364013672
"448","NIP50_2013_1866",8.88993167877197,3.17401456832886,30.1679458618164
"449","NIP45_2013_1867",50.8655700683594,45.7320365905762,90.4336776733398
"450","NIP43_2013_1868",44.6010475158691,37.2036285400391,76.067756652832
"451","SLK27_2013_1869",47.4966125488281,35.8879661560059,77.61328125
"452","NIP40_2013_1870",66.4579315185547,44.1040840148926,102.214805603027
"453","SLK19_2013_1871",41.6323127746582,36.4072685241699,71.3701019287109
"454","NIP53_2013_1872",30.8333797454834,23.8079280853271,73.5154266357422
"455","SLK16_2013_1873",49.257884979248,44.3320693969727,81.1963882446289
"456","NIP51_2013_1874",19.6240406036377,16.1461544036865,42.8963165283203
"457","SLK35_2013_1875",79.3176116943359,71.0462646484375,81.0875015258789
"458","NIP19_2013_1876",62.3930206298828,49.1179847717285,90.6565399169922
"459","THU16_2013_1877",44.532413482666,34.4392776489258,83.5660858154297
"460","SLK18_2013_1878",51.1358985900879,36.3897895812988,80.1066131591797
"461","NIP21_2013_1879",99.6204681396484,69.443489074707,105.567497253418
"462","SLK13_2014_1881",29.7946586608887,21.175220489502,66.6202201843262
"463","RED8_2014_1882",70.7323226928711,61.7040863037109,90.6907730102539
"464","RED56_2013_1884",30.9084129333496,27.0345840454102,78.6162109375
"465","SLK23_2013_1885",35.9267959594727,32.1773872375488,70.9856643676758
"466","NIP11_2013_1886",27.9112892150879,25.184061050415,61.8628959655762
"467","NIP25_2013_1887",39.1135673522949,32.8122520446777,82.3469009399414
"468","RED41_2013_1888",30.3694362640381,28.6796817779541,58.5852317810059
"469","SLK22_2013_1889",34.4685592651367,26.178560256958,86.7150650024414
"470","SLK21_2013_1890",34.7170257568359,35.3606796264648,68.877799987793
"471","SLK31_2013_1891",27.5490856170654,26.0662155151367,58.2586479187012
"472","RED24_2013_1892",46.4313812255859,36.0202598571777,73.9601974487305
"473","SLK37_2013_1893",46.0995635986328,37.9872970581055,87.7376708984375
"474","NIP23_2013_1894",64.8961791992188,65.4998092651367,78.3915939331055
"475","SLK24_2013_1895",37.2109603881836,30.4755611419678,65.9249572753906
"476","SLK43_2013_1896",34.910400390625,29.7057704925537,64.1406707763672
"477","SLK41_2013_1897",34.6097946166992,29.8009185791016,62.438793182373
"478","TIM7_2012_1898",74.2308807373047,54.2947120666504,80.7845001220703
"479","RED60_2012_1899",80.3611679077148,67.3273010253906,87.8447113037109
"480","RED66_2012_1900",69.4924774169922,58.3157081604004,74.4533615112305
"481","RED39_2012_1901",65.4212875366211,52.385440826416,76.3107833862305
"482","RED52_2012_1902",29.7981300354004,41.5384330749512,57.4100227355957
"483","TIM47_2012_1903",45.8306846618652,35.1071548461914,82.8104934692383
"484","WAW5_2012_1904",65.8476181030273,61.4993743896484,62.1213722229004
"485","RED64_2012_1905",72.7893676757812,57.7059478759766,88.5105819702148
"486","RED72_2012_1906",36.1672172546387,40.7915077209473,53.4513893127441
"487","KLK11_2012_1907",50.1353530883789,50.0891761779785,67.5600509643555
"488","RED51_2012_1908",45.9570236206055,44.1818618774414,73.5308990478516
"489","RED59_2012_1909",76.6254653930664,62.3214797973633,88.8925857543945
"490","SLK97_2012_1910",67.0705032348633,56.8706130981445,87.7100601196289
"491","COC10_2012_1911",38.7189979553223,32.4445686340332,69.3523864746094
"492","NIP62_2012_1912",82.0835952758789,60.2958717346191,98.9641265869141
"493","RED38_2012_1913",39.4847564697266,45.8153915405273,52.4317665100098
"494","SLK71_2012_1914",65.4951171875,47.926342010498,104.554023742676
"495","SLK81_2012_1915",88.64111328125,69.0983276367188,96.0107650756836
"496","WAW4_2012_1916",89.3989562988281,60.9993515014648,76.4407424926758
"497","KEN36_2012_1917",68.8051223754883,57.5287971496582,54.6747283935547
"498","RED71_2012_1918",53.3016777038574,48.1283416748047,68.89501953125
"499","SLK20_2012_1919",99.480110168457,79.1733779907227,94.5429992675781
"500","HEA9_2012_1920",36.8489837646484,25.3090572357178,63.8803215026855
"501","TIM27_2012_1921",95.7808303833008,65.7957077026367,88.3175506591797
"502","RED58_2012_1922",64.5163421630859,56.6277275085449,77.5717315673828
"503","RED63_2012_1923",57.8114433288574,51.0905418395996,73.7487640380859
"504","CHA8_2012_1924",83.529914855957,61.1893844604492,75.8716812133789
"505","RED34_2012_1925",55.5955772399902,45.4037933349609,77.8909912109375
"506","RED50_2012_1926",48.9865341186523,45.6402587890625,69.5746536254883
"507","SLK79_2012_1927",34.1226844787598,31.899974822998,59.9592552185059
"508","SLK93_2012_1928",45.1198806762695,41.7352104187012,91.3097152709961
"509","NIP32_2012_1929",54.1125068664551,49.5390090942383,93.5816497802734
"510","NIP61_2012_1930",75.2705230712891,66.7694625854492,82.1270370483398
"511","SLK105_2012_1931",24.7068576812744,29.771068572998,50.5489273071289
"512","SLK47_2012_1932",74.062385559082,56.7446937561035,81.2029266357422
"513","PEM25_2012_1933",44.9625968933105,30.7256813049316,57.361759185791
"514","WAW17_2012_1934",61.9385528564453,43.4032936096191,79.0758666992188
"515","FOR59_2012_1935",63.1603775024414,59.4057540893555,58.9542961120605
"516","RED62_2012_1936",62.7430458068848,53.7375106811523,77.7890014648438
"517","RED70_2012_1937",62.3320579528809,52.3334159851074,76.6531066894531
"518","SLK237_2017_1939",9.14737319946289,6.29195785522461,52.7573356628418
"519","SLK45_2017_1940",49.6084594726562,48.9165153503418,85.9526138305664
"520","RED23_2017_1941",43.4091033935547,42.7643241882324,63.0013809204102
"521","NIP78_2017_1942",38.8596153259277,29.6041889190674,88.3761978149414
"522","NIP37_2017_1945",73.8274765014648,58.5387268066406,98.1174850463867
"523","SLK187_2017_1946",43.4975090026855,40.1145820617676,82.7246856689453
"524","SLK8_2017_1947",28.8281307220459,24.9030628204346,70.3078308105469
"525","SLK32_2017_1948",84.2314682006836,65.7542724609375,100.555686950684
"526","SLK42_2017_1949",102.899421691895,74.4274215698242,105.377838134766
"527","SLK36_2017_1950",95.1431732177734,72.0810394287109,101.671371459961
"528","SLK129_2017_1951",38.9653816223145,33.4064903259277,74.5699234008789
"529","NIP12_2017_1952",16.6992359161377,14.730450630188,54.3768119812012
"530","NIP40_2017_1953",104.084701538086,79.3522109985352,100.290222167969
"531","NIP75_2017_1954",48.3516387939453,45.1286964416504,94.1175003051758
"532","NIP46_2017_1955",60.8081169128418,50.7286338806152,93.0409774780273
"533","SLK102_2017_1956",55.9821319580078,48.6241226196289,86.5168380737305
"534","NIP64_2017_1957",44.7037239074707,34.766242980957,82.3798828125
"535","KEN28_2015_1959",54.2766952514648,47.637767791748,62.5227890014648
"536","RED10_2015_1960",82.277946472168,60.9737205505371,90.5129547119141
"537","COC12_2015_1961",95.8469085693359,67.5728454589844,87.5703353881836
"538","RED59_2015_1962",43.3531723022461,37.3784713745117,77.5806732177734
"539","SLK55_2015_1963",36.8224792480469,35.4282150268555,67.637279510498
"540","NIP20_2015_1965",14.0655107498169,10.3845682144165,27.0905418395996
"541","RED24_2015_1966",17.1117248535156,10.1667032241821,36.3633041381836
"542","SLK19_2015_1967",56.3266258239746,47.7366638183594,89.2226638793945
"543","RED44_2015_1968",58.3627128601074,57.376651763916,61.5441970825195
"544","SLK53_2015_1969",55.6415710449219,46.6508255004883,94.9380416870117
"545","SUD38_2015_1970",88.209716796875,63.0343894958496,83.3954849243164
"546","KEN5_2015_1971",56.5638732910156,51.7094802856445,61.629581451416
"547","NIP31_2015_1972",94.1336059570312,69.2875366210938,103.182548522949
"548","NIP32_2015_1973",100.365219116211,83.4805526733398,94.6344375610352
"549","SLK23_2015_1974",98.1887054443359,75.6884765625,105.659706115723
"550","SLK30_2015_1975",52.8587608337402,43.9172592163086,86.6493530273438
"551","NIP24_2015_1976",70.334831237793,61.829273223877,87.8437042236328
"552","COC13_2015_1977",36.5768280029297,31.5384654998779,94.7975234985352
"553","NIP23_2015_1979",42.1051597595215,33.0750617980957,75.1379852294922
"554","SLK32_2015_1980",43.6677932739258,40.609001159668,81.7331848144531
"555","SLK21_2015_1981",82.8044128417969,64.7994003295898,101.032333374023
"556","SLK67_2015_1982",34.26318359375,29.3597373962402,63.3513145446777
"557","RED25_2015_1983",53.5123405456543,45.6282653808594,70.1082000732422
"558","NIP19_2015_1984",41.336296081543,32.3209037780762,73.5960998535156
"559","SLK36_2015_1985",47.6270446777344,42.5152473449707,84.2725372314453
"560","RED11_2015_1986",84.5282745361328,56.2383613586426,76.4936599731445
"561","RED58_2015_1987",46.3377723693848,46.4356842041016,76.3026809692383
"562","SLK62_2015_1988",32.9736137390137,24.5672302246094,59.9816093444824
"563","SLK41_2015_1989",66.0592956542969,59.3942108154297,84.8917236328125
"564","NIP30_2015_1990",55.8855514526367,48.9104690551758,89.8807907104492
"565","NIP17_2015_1991",34.8379249572754,28.9326877593994,66.3705406188965
"566","SLK28_2015_1992",87.014518737793,67.7246398925781,100.771560668945
"567","RED17_2015_1993",67.2536926269531,54.634334564209,85.3055267333984
"568","RED16_2015_1994",41.1533088684082,33.2636451721191,66.3967704772949
"569","NIP38_2015_1995",96.1356735229492,70.8339920043945,102.776863098145
"570","RED46_2015_1996",87.4697341918945,65.556037902832,77.8076629638672
"571","SLK57_2015_1997",50.5600776672363,50.8867111206055,86.1805801391602
"572","RED7_2015_1998",56.5830497741699,47.1212005615234,79.9882125854492
"573","RED50_2015_1999",47.3719139099121,69.7771835327148,43.458911895752
"574","SLK23_2016_2000",32.1986770629883,24.3198394775391,92.9149856567383
"575","THU19_2016_2001",59.3987617492676,65.9303741455078,62.0529747009277
"576","NOR32_2016_2002",83.9672393798828,59.0363502502441,77.6148910522461
"577","NIP12_2016_2003",63.7514457702637,50.9093055725098,93.6754913330078
"578","HEA4_2016_2004",71.1298828125,65.8075256347656,67.4445533752441
"579","RED3_2016_2005",41.9941482543945,41.6601676940918,61.2048416137695
"580","SUD35_2016_2006",79.3637466430664,51.3490943908691,82.1951446533203
"581","SLK29_2016_2007",87.154182434082,72.932373046875,92.6162185668945
"582","WAW7_2016_2010",90.0579833984375,68.2709274291992,82.5601959228516
"583","HEA5_2016_2011",96.0274505615234,74.7847518920898,104.080207824707
"584","SLK6_2016_2012",35.4918823242188,35.3859901428223,71.7481231689453
"585","NIP15_2016_2013",71.3239059448242,58.7977180480957,96.2695617675781
"586","KEN18_2016_2014",56.4501152038574,50.4835624694824,64.7320175170898
"587","APK20_2016_2015",109.664848327637,60.6946220397949,81.6519393920898
"588","SLK30_2016_2016",86.4521713256836,72.2966156005859,91.6261291503906
"589","RED29_2014_2017",113.713348388672,80.4520034790039,104.084289550781
"590","RED4_2014_2019",55.7046928405762,57.9486999511719,63.4436416625977
"591","RED17_2014_2020",71.1966705322266,53.9892387390137,75.4285049438477
"592","NIP23_2016_2022",80.0508422851562,63.4092292785645,100.494972229004
"593","SLK115_2017_2023",88.8885650634766,70.52783203125,98.6048355102539
"594","NIP32_2017_2024",44.5946998596191,44.7918395996094,88.6230621337891
"595","RED34_2017_2025",58.867374420166,64.5374908447266,77.2778091430664
"596","SLK200_2017_2026",69.8427276611328,49.3432159423828,106.7958984375
"597","NIP54_2017_2027",87.8988418579102,70.4417190551758,96.629638671875
"598","NOR68_2018_2028",91.696907043457,68.2015991210938,79.2710952758789
"599","RED38_2018_2029",62.0818939208984,53.8977470397949,93.0598678588867
"600","RED110_2018_2030",100.787895202637,66.7441253662109,101.844329833984
"601","NIP13_2018_2031",43.5736351013184,41.8764686584473,90.3477630615234
"602","RED30_2018_2032",55.5068473815918,49.7038497924805,71.5544204711914
"603","RED108_2018_2033",49.0237236022949,54.440788269043,62.1509857177734
"604","NIP37_2018_2034",47.934196472168,45.5477256774902,106.631614685059
"605","NOR72_2018_2035",91.8519515991211,66.2361907958984,84.0250244140625
"606","THU52_2018_2036",61.7288017272949,46.3140525817871,97.4786834716797
"607","NIP40_2018_2037",88.6636047363281,74.1066741943359,97.6856842041016
"608","PEM7_2018_2038",114.509132385254,60.3917007446289,86.8256072998047
"609","FOR24_2018_2039",74.3535690307617,61.4337577819824,67.3571891784668
"610","RED82_2018_2040",55.8749351501465,53.0765838623047,62.5349349975586
"611","COC20_2018_2041",66.4005813598633,61.2445678710938,109.123085021973
"612","HEA12_2018_2042",99.6978530883789,71.0060424804688,119.082130432129
"613","SLK44_2018_2043",78.1493530273438,61.7918472290039,99.0053939819336
"614","NOR56_2018_2044",94.2835693359375,61.9398765563965,77.4760208129883
"615","TIM6_2018_2045",94.5479202270508,59.9374542236328,115.196746826172
"616","SLK51_2018_2046",67.5149612426758,56.7599258422852,104.237487792969
"617","SLK48_2018_2047",42.4661598205566,33.5933990478516,71.4157867431641
"618","NIP5_2018_2048",57.7257690429688,41.6745567321777,99.6865692138672
"619","RED80_2018_2049",48.2146835327148,40.3604927062988,75.9141616821289
"620","NIP32_2018_2050",35.1726150512695,28.0413951873779,70.880744934082
"621","THU36_2018_2051",60.0322113037109,43.713264465332,93.5825042724609
"622","RED170_2018_2052",40.2603187561035,41.1102523803711,64.176025390625
"623","NOR62_2018_2053",91.5973587036133,60.7245597839355,82.3572387695312
"624","SLK19_2018_2054",31.7342281341553,29.1767768859863,73.94384765625
"625","NIP29_2018_2055",45.788932800293,38.8372001647949,82.733772277832
"626","SLK23_2018_2056",42.9267539978027,40.0890846252441,92.440673828125
"627","NIP27_2018_2057",65.6046829223633,51.9995079040527,99.2913208007812
"628","SLK37_2018_2058",45.3587265014648,46.1791343688965,72.295539855957
"629","NIP31_2018_2059",74.2934188842773,61.3211059570312,101.764213562012
"630","RED86_2018_2060",70.9684982299805,61.3910255432129,77.2391891479492
"631","RED103_2018_2061",39.5433959960938,45.0953063964844,58.8752250671387
"632","SLK57_2018_2062",69.8062210083008,55.3530921936035,96.6381912231445
"633","KEN71_2018_2063",57.4388809204102,54.476692199707,67.7192726135254
"634","RED97_2018_2064",54.2345581054688,45.4635238647461,74.4893646240234
"635","SLK68_2018_2065",94.0674285888672,79.302848815918,96.3218765258789
"636","NIP10_2018_2066",75.8935623168945,66.6889953613281,87.7287292480469
"637","SLK53_2018_2067",70.3694458007812,52.3701095581055,95.649772644043
"638","SLK18_2018_2068",31.878059387207,26.1004085540771,72.6168060302734
"639","NOR46_2018_2069",95.5376663208008,70.921501159668,79.516227722168
"640","RED67_2018_2070",60.7736625671387,51.0845909118652,75.1329040527344
"641","PAR33_2018_2071",23.1895904541016,26.547327041626,50.7632331848145
"642","SLK175_2017_2072",42.8390884399414,36.4546241760254,84.1482315063477
"643","THU58_2017_2073",55.7017631530762,42.674446105957,90.1255035400391
"644","SLK96_2017_2074",69.512825012207,53.4450988769531,92.8920822143555
"645","SLK43_2017_2075",37.739688873291,36.935173034668,83.9244918823242
"646","SLK82_2017_2076",76.594352722168,61.0394477844238,101.64656829834
"647","SLK23_2017_2077",101.776908874512,69.7196578979492,100.544563293457
"648","NIP29_2017_2078",66.4972381591797,50.5479393005371,93.9702682495117
"649","NIP77_2017_2079",82.9181518554688,59.0616035461426,102.626800537109
"650","NIP68_2017_2080",61.561279296875,54.2769660949707,92.410041809082
"651","SLK122_2017_2081",39.7178840637207,30.4746780395508,76.9248123168945
"652","SLK157_2017_2082",49.7012519836426,42.0056648254395,88.6044845581055
"653","SLK44_2017_2083",105.203514099121,76.8231353759766,108.701881408691
"654","NIP73_2017_2084",71.1212005615234,65.4425201416016,90.3462600708008
"655","THU59_2017_2085",50.1257057189941,40.6946334838867,82.5515594482422
"656","SLK64_2017_2086",107.309234619141,79.7303009033203,107.864524841309
"657","THU61_2017_2087",72.0638961791992,51.4042854309082,105.969039916992
"658","RED87_2017_2088",46.1728363037109,42.5480766296387,67.3852386474609
"659","SLK26_2017_2089",77.0714569091797,60.5641441345215,91.4187698364258
"660","NIP9_2017_2090",65.5896911621094,54.8931999206543,93.6707382202148
"661","NIP39_2017_2091",87.0794677734375,74.3781127929688,90.8870697021484
"662","RED69_2017_2092",55.0136184692383,55.1978225708008,84.1952285766602
"663","THU31_2017_2093",65.8122482299805,48.2581939697266,91.9032363891602
"664","NIP99_2017_2094",48.0934219360352,35.1698608398438,76.1303176879883
"665","SLK103_2017_2095",75.9826965332031,62.1974029541016,100.257080078125
"666","SLK63_2017_2096",82.7804260253906,73.3847427368164,90.731071472168
"667","NIP98_2017_2097",62.9309234619141,49.3335151672363,94.4820022583008
"668","RED56_2017_2098",69.4111709594727,57.4917678833008,93.6430892944336
"669","SLK7_2017_2099",64.6695938110352,60.1623649597168,78.7554931640625
"670","SLK162_2017_2100",95.7876739501953,74.7736663818359,104.62264251709
"671","SLK68_2017_2101",83.6614074707031,67.6631774902344,101.153587341309
"672","RED103_2017_2102",75.8263320922852,59.0659370422363,102.715667724609
"673","NIP65_2017_2103",54.8135871887207,42.3525924682617,92.9452056884766
"674","NIP11_2017_2104",41.0505523681641,38.3860855102539,84.827262878418
"675","SLK38_2017_2105",92.4804763793945,68.571403503418,99.7964553833008
"676","SLK33_2017_2106",73.0379409790039,62.818717956543,93.8545684814453
"677","SLK17_2017_2107",76.5011901855469,60.2521629333496,96.1613159179688
"678","SLK52_2017_2110",77.7324447631836,62.3905372619629,99.4455032348633
"679","NIP38_2017_2111",92.8930053710938,69.3342208862305,103.759284973145
"680","NIP105_2017_2112",32.5881729125977,28.4235076904297,65.4887390136719
"681","RED54_2017_2113",27.8693828582764,22.9008827209473,75.5597305297852
"682","NIP95_2017_2114",74.4561080932617,51.7187271118164,100.920501708984
"683","NIP30_2018_2115",52.4741172790527,43.3592262268066,86.1883010864258
"684","RED96_2018_2116",52.4484252929688,50.0720252990723,66.7195167541504
"685","SLK117_2018_2117",87.36865234375,59.5061225891113,104.134803771973
"686","SLK56_2018_2118",74.2926864624023,62.5440063476562,99.8922653198242
"687","NOR69_2018_2119",89.4470443725586,64.95361328125,81.4529190063477
"688","NOR25_2018_2121",101.172622680664,70.0196151733398,81.6299591064453
"689","NIP53_2018_2122",74.68994140625,62.0440940856934,97.4951858520508
"690","SLK67_2018_2123",80.1083679199219,65.7259216308594,102.447364807129
"691","RED55_2018_2124",51.4080429077148,47.8015174865723,72.3972625732422
"692","SUD83_2018_2125",76.3165435791016,56.6807670593262,81.0522613525391
"693","COC14_2018_2126",72.6540451049805,52.4591598510742,109.256500244141
"694","RED81_2018_2127",57.0686302185059,51.7738990783691,65.9591445922852
"695","SLK49_2018_2128",58.5739898681641,47.9841918945312,102.52220916748
"696","NOR42_2018_2129",108.750595092773,67.5504837036133,82.7382965087891
"697","RED57_2018_2130",31.4413757324219,27.7988891601562,56.2291641235352
"698","NIP45_2018_2132",31.8206653594971,22.5981464385986,65.9031028747559
"699","SLK162_2018_2133",80.4687957763672,52.8770904541016,103.219169616699
"700","NOR61_2018_2134",99.9685745239258,72.8484420776367,91.2959136962891
"701","SLK113_2018_2135",65.3805541992188,58.9789276123047,65.6306304931641
"702","NOR19_2018_2136",97.8806686401367,70.1328430175781,85.0468597412109
"703","PEM6_2018_2137",106.057754516602,60.5080337524414,85.2697601318359
"704","RED78_2018_2138",70.0912094116211,59.442253112793,72.1687164306641
"705","COC15_2018_2139",61.870418548584,45.2898025512695,109.740493774414
"706","KEN77_2018_2140",82.8329010009766,64.1220855712891,76.4061889648438
"707","NOR55_2018_2141",88.967903137207,63.8390617370605,77.86279296875
"708","SLK26_2018_2142",26.7722625732422,23.4533729553223,63.6663475036621
"709","SLK55_2018_2143",101.424240112305,76.6093292236328,107.253540039062
"710","SLK22_2018_2144",80.8092803955078,62.520751953125,96.965934753418
"711","COC8_2018_2145",28.0782375335693,17.6377220153809,69.0851516723633
"712","NIP20_2018_2146",59.924747467041,46.971492767334,93.980110168457
"713","RED76_2018_2147",59.3774185180664,52.1194152832031,70.4423561096191
"714","RED52_2018_2148",59.3645477294922,50.111198425293,93.5752792358398
"715","RED70_2018_2149",60.5367279052734,51.3967590332031,73.3006820678711
"716","RED60_2018_2150",66.8096923828125,49.5688095092773,93.5430908203125
"717","NIP24_2018_2151",36.290641784668,26.0544986724854,84.0679702758789
"718","NIP49_2018_2152",40.4790153503418,30.675443649292,70.9254837036133
"719","TIM12_2018_2153",77.3908843994141,63.1897087097168,91.9542236328125
"720","SLK27_2018_2154",63.7546653747559,52.5607032775879,95.384391784668
"721","RED109_2018_2155",53.3487739562988,50.4201164245605,69.7208023071289
"722","RED115_2018_2156",19.0821704864502,15.975887298584,45.4014549255371
"723","NIP16_2018_2157",73.386962890625,64.5426635742188,94.7097778320312
"724","RED121_2018_2158",63.4830055236816,57.1236457824707,68.3031806945801
"725","COC36_2018_2159",10.8642597198486,6.17496204376221,31.2557315826416
"726","SLK37_2020_2160",7.39722728729248,5.14462232589722,47.7909393310547
"727","THU4_2020_2161",35.3394088745117,54.2513694763184,52.4533805847168
"728","COC10_2019_2162",38.9596405029297,28.904727935791,90.4274063110352
"729","SLK40_2019_2163",63.7112579345703,53.6145515441895,88.4237899780273
"730","RED23_2019_2164",67.2288131713867,55.2144355773926,87.0498123168945
"731","RED44_2019_2165",34.3942642211914,31.9098873138428,66.956916809082
"732","FOR2_2019_2166",40.3453254699707,32.961669921875,62.791316986084
"733","SLK38_2019_2167",44.3740539550781,38.0280685424805,88.7998962402344
"734","SLK33_2019_2168",35.2899856567383,31.3549575805664,86.8569030761719
"735","RED45_2019_2169",63.4122924804688,52.0537071228027,75.1847915649414
"736","SLK39_2019_2170",68.0195846557617,54.396110534668,100.095985412598
"737","RED38_2019_2171",67.3170318603516,65.1000518798828,78.6655197143555
"738","RED39_2019_2172",78.0033569335938,60.0178489685059,88.034782409668
"739","TIM2_2019_2173",77.5005950927734,60.3902206420898,87.1436538696289
"740","RED57_2019_2174",54.3616561889648,53.5552597045898,85.8151931762695
"741","SLK37_2019_2175",55.4706916809082,48.3355445861816,84.9287948608398
"742","RED14_2019_2176",79.3371047973633,64.7204666137695,80.1773147583008
"743","RED40_2019_2177",71.8998489379883,56.1946716308594,85.7893981933594
"744","RED17_2019_2178",67.3736038208008,50.7259483337402,92.6277694702148
"745","NIP11_2019_2179",88.8317794799805,71.5660858154297,82.6241683959961
"746","RED59_2019_2180",55.5634346008301,45.9020156860352,80.953369140625
"747","RED25_2019_2181",45.1820945739746,44.835075378418,71.0641326904297
"748","RED30_2019_2182",49.3849258422852,56.105827331543,75.8637771606445
"749","SLK41_2019_2183",40.9919662475586,30.6916790008545,82.9062347412109
"750","SLK31_2019_2184",40.2548942565918,34.1761131286621,84.1165771484375
"751","RED37_2019_2185",46.8223609924316,36.6555328369141,83.2623519897461
"752","RED24_2019_2186",42.5253982543945,43.169734954834,72.4154052734375
"753","SLK22_2019_2187",65.1058883666992,54.3939018249512,92.2922134399414
"754","SLK8_2019_2188",52.2829780578613,41.8165092468262,86.4961013793945
"755","RED49_2019_2189",37.4951934814453,37.4674835205078,61.3013305664062
"756","RED60_2019_2190",70.8752365112305,55.4595642089844,75.8803558349609
"757","RED75_2019_2192",87.4467849731445,81.1310882568359,69.7002143859863
"758","RED62_2019_2193",46.7494773864746,40.6199607849121,71.7837944030762
"759","RED12_2020_2194",43.8130416870117,45.8113784790039,61.7500839233398
"760","RED22_2020_2195",48.0406303405762,47.5786590576172,71.1374778747559
"761","NIP47_2020_2196",39.3064880371094,39.7669334411621,98.8893890380859
"762","SLK26_2020_2197",35.4910430908203,28.600399017334,70.0898399353027
"763","RED8_2020_2198",96.813720703125,72.0097045898438,96.626220703125
"764","RED24_2020_2199",90.2193908691406,72.6053466796875,93.502815246582
"765","SLK36_2020_2200",76.7074203491211,59.5862426757812,106.717277526855
"766","SLK25_2020_2201",34.9733810424805,33.128288269043,69.4448776245117
"767","NIP30_2020_2202",43.2859878540039,37.4181785583496,108.017944335938
"768","NIP46_2020_2203",35.9673461914062,31.4905681610107,93.7930068969727
"769","RED29_2020_2204",55.1462440490723,48.8006896972656,81.6800842285156
"770","SLK3_2020_2205",88.3063278198242,80.5069580078125,93.7294998168945
"771","NIP51_2020_2206",77.533447265625,68.2038269042969,91.8259048461914
"772","NIP26_2020_2207",42.417839050293,35.418628692627,85.8697814941406
"773","NIP45_2020_2208",68.6441040039062,55.6210708618164,101.888206481934
"774","RED18_2020_2209",44.9688606262207,44.5125885009766,85.3978424072266
"775","RED49_2020_2210",70.2605361938477,61.0684509277344,72.5993232727051
"776","NIP40_2020_2211",95.4878997802734,69.8441925048828,78.0144500732422
"777","COC11_2020_2212",40.0169677734375,32.4366035461426,70.7317047119141
"778","CHA3_2020_2213",86.1366195678711,66.4632949829102,102.167388916016
"779","SLK48_2020_2214",38.2516098022461,35.381893157959,76.4645080566406
"780","COC12_2020_2215",29.2990970611572,27.5490341186523,71.5302085876465
"781","RED9_2020_2216",67.4266052246094,50.4925384521484,86.8315963745117
"782","SLK47_2020_2217",22.3299522399902,24.1893863677979,64.851806640625
"783","RED30_2020_2218",56.8415870666504,50.0501670837402,81.9860916137695
