"","tri","Fire_ID"
"1",40.6679534912109,"APK20_2016_2015"
"2",2.92372798919678,"CHA10_2010_1589"
"3",5.36314153671265,"CHA18_2005_1513"
"4",15.6799430847168,"CHA3_2020_2213"
"5",5.676842212677,"CHA8_2012_1924"
"6",5.72784042358398,"COC10_2005_1519"
"7",8.3422737121582,"COC10_2012_1911"
"8",4.74419116973877,"COC10_2019_2162"
"9",17.9689788818359,"COC11_2020_2212"
"10",3,"COC12_2002_53"
"11",14.3407802581787,"COC12_2015_1961"
"12",2.24039030075073,"COC12_2020_2215"
"13",9.35346412658691,"COC13_2015_1977"
"14",6.1047568321228,"COC14_2009_1703"
"15",6.1440749168396,"COC14_2018_2126"
"16",2.98343873023987,"COC15_2001_48"
"17",4.84035158157349,"COC15_2018_2139"
"18",7.64506435394287,"COC16_2009_1720"
"19",5.1470193862915,"COC19_2002_74"
"20",25.380012512207,"COC20_2018_2041"
"21",9.53075313568115,"COC25_2011_1827"
"22",3,"COC34_2006_1686"
"23",1.98473000526428,"COC36_2018_2159"
"24",10.4547348022461,"COC37_2005_1533"
"25",5.20128583908081,"COC8_2006_1649"
"26",6.37139081954956,"COC8_2018_2145"
"27",16.8587093353271,"COC9_2002_100"
"28",9.44908046722412,"COC9_2006_1654"
"29",43.5101470947266,"DRY10_2002_75"
"30",46.1167945861816,"DRY10_2007_1659"
"31",0,"DRY5_2003_1418"
"32",19.0101623535156,"DRY57_2003_1410"
"33",19.6660213470459,"DRY58_2003_1441"
"34",40.8165626525879,"DRY79_2006_1692"
"35",6.75524806976318,"DRY8_2007_1565"
"36",11.1749677658081,"FOR11_2003_1420"
"37",3.97375178337097,"FOR14_2003_1484"
"38",21.5653171539307,"FOR14_2005_1514"
"39",12,"FOR165_2006_1620"
"40",17.3060913085938,"FOR17_2011_1836"
"41",22.7618465423584,"FOR173_2006_1618"
"42",13.6484537124634,"FOR179_2006_1623"
"43",12.3899078369141,"FOR18_2005_1520"
"44",6.99765014648438,"FOR2_2019_2166"
"45",27.6148052215576,"FOR24_2005_1516"
"46",23.1463413238525,"FOR24_2018_2039"
"47",3.04663515090942,"FOR3_2010_1771"
"48",39.9742050170898,"FOR42_2011_1834"
"49",22.1319332122803,"FOR52_2006_1617"
"50",30.3841171264648,"FOR54_2006_1619"
"51",37.6858825683594,"FOR57_2006_1621"
"52",39.2749481201172,"FOR59_2012_1935"
"53",33.1990356445312,"FOR61_2006_1624"
"54",42.6095581054688,"FOR63_2006_1622"
"55",5.39263391494751,"HEA12_2018_2042"
"56",2.95166301727295,"HEA20_2010_1770"
"57",8.96616172790527,"HEA31_2010_1768"
"58",5.20877313613892,"HEA4_2016_2004"
"59",6.04948949813843,"HEA5_2016_2011"
"60",4.44687223434448,"HEA9_2012_1920"
"61",1,"KEN103_2012_1853"
"62",24.3041858673096,"KEN110_2003_1423"
"63",15.0899791717529,"KEN18_2016_2014"
"64",12.4838266372681,"KEN27_2011_1832"
"65",5.06640481948853,"KEN28_2015_1959"
"66",8.54217338562012,"KEN36_2012_1917"
"67",16.0217819213867,"KEN41_2007_1566"
"68",11.0798664093018,"KEN5_2015_1971"
"69",22.5877113342285,"KEN71_2018_2063"
"70",22.9305686950684,"KEN77_2018_2140"
"71",0,"KLK11_2012_1907"
"72",16.8530826568604,"KLK13_2012_1856"
"73",1.1818163394928,"KLK2_2001_10"
"74",14.037712097168,"KLK5_2003_1495"
"75",10.9311933517456,"KLK5_2010_1772"
"76",20.5959796905518,"KLK8_2012_1841"
"77",12.8245191574097,"KLK9_2003_1496"
"78",7.24659156799316,"KLK9_2004_1508"
"79",5.16759252548218,"NIP10_2009_1717"
"80",9.93426609039307,"NIP10_2018_2066"
"81",4.12350034713745,"NIP104_2005_1536"
"82",10.5260562896729,"NIP104_2012_1761"
"83",4.01822996139526,"NIP105_2017_2112"
"84",21,"NIP108_2006_1651"
"85",10.2717943191528,"NIP11_2013_1886"
"86",2.19608688354492,"NIP11_2017_2104"
"87",24.5474815368652,"NIP11_2019_2179"
"88",10.0247688293457,"NIP112_2005_1518"
"89",3.24611306190491,"NIP12_2009_1718"
"90",6.41240835189819,"NIP12_2016_2003"
"91",1.14845395088196,"NIP12_2017_1952"
"92",17.8800945281982,"NIP13_2009_1713"
"93",5.92665386199951,"NIP13_2018_2031"
"94",10.2591180801392,"NIP14_2009_1714"
"95",5.93815565109253,"NIP15_2016_2013"
"96",18.2471179962158,"NIP151_2006_1592"
"97",29.1451511383057,"NIP16_2002_77"
"98",21.5426788330078,"NIP16_2018_2157"
"99",7.88312244415283,"NIP17_2003_1485"
"100",12.4499053955078,"NIP17_2015_1991"
"101",15.0681657791138,"NIP189_2006_1580"
"102",4.05034160614014,"NIP19_2009_1711"
"103",8.297043800354,"NIP19_2013_1876"
"104",1.33754110336304,"NIP19_2015_1984"
"105",20.4031238555908,"NIP20_2005_1521"
"106",6.96791458129883,"NIP20_2009_1710"
"107",0,"NIP20_2015_1965"
"108",16.2623691558838,"NIP20_2018_2146"
"109",5.30206108093262,"NIP21_2009_1709"
"110",6.87154769897461,"NIP21_2013_1879"
"111",6.59747982025146,"NIP22_2001_46"
"112",110.093292236328,"NIP226_2006_1644"
"113",3.62391543388367,"NIP23_2009_1708"
"114",4.77506303787231,"NIP23_2013_1894"
"115",12.7090559005737,"NIP23_2015_1979"
"116",10.1154375076294,"NIP23_2016_2022"
"117",26.5757846832275,"NIP238_2006_1571"
"118",3.39521217346191,"NIP24_2001_7"
"119",4.14842891693115,"NIP24_2012_1838"
"120",6.33470487594604,"NIP24_2015_1976"
"121",3.77940702438354,"NIP24_2018_2151"
"122",15.4981660842896,"NIP245_2006_1605"
"123",6.83119773864746,"NIP25_2013_1887"
"124",25.4558849334717,"NIP257_2006_1604"
"125",5.16040945053101,"NIP26_2001_47"
"126",20.324291229248,"NIP26_2007_1660"
"127",6.95610857009888,"NIP26_2020_2207"
"128",26.8009967803955,"NIP262_2006_1567"
"129",19.4853801727295,"NIP267_2006_1641"
"130",10.6827697753906,"NIP27_2010_1734"
"131",3.278160572052,"NIP27_2018_2057"
"132",56.2660293579102,"NIP276_2006_1655"
"133",12.4475679397583,"NIP29_2017_2078"
"134",10.2475843429565,"NIP29_2018_2055"
"135",21.6307735443115,"NIP291_2006_1611"
"136",10.1553144454956,"NIP296_2006_1609"
"137",7.17516565322876,"NIP30_2015_1990"
"138",15.2102737426758,"NIP30_2018_2115"
"139",4.66228008270264,"NIP30_2020_2202"
"140",7.62081098556519,"NIP31_2015_1972"
"141",14.3894014358521,"NIP31_2018_2059"
"142",15.0256986618042,"NIP32_2012_1929"
"143",1.6551548242569,"NIP32_2015_1973"
"144",11.1457796096802,"NIP32_2017_2024"
"145",14.5955009460449,"NIP32_2018_2050"
"146",50.9026069641113,"NIP322_2006_1573"
"147",18.8667068481445,"NIP323_2006_1607"
"148",19.8096942901611,"NIP327_2006_1596"
"149",8.66747951507568,"NIP328_2006_1608"
"150",27.3225841522217,"NIP334_2006_1616"
"151",37.8466148376465,"NIP338_2006_1664"
"152",1,"NIP34_2011_1696"
"153",115.393188476562,"NIP341_2006_1614"
"154",34.8410034179688,"NIP344_2006_1643"
"155",2.59044742584229,"NIP35_2001_5"
"156",6.22737455368042,"NIP35_2010_1767"
"157",62.7690010070801,"NIP365_2006_1574"
"158",13.3685569763184,"NIP37_2017_1945"
"159",0.723309338092804,"NIP37_2018_2034"
"160",5.46121501922607,"NIP38_2002_97"
"161",4.55587530136108,"NIP38_2015_1995"
"162",14.3005743026733,"NIP38_2017_2111"
"163",37.526180267334,"NIP380_2006_1663"
"164",5.84567356109619,"NIP39_2001_2"
"165",7.0092077255249,"NIP39_2017_2091"
"166",46.7345657348633,"NIP391_2006_1575"
"167",4.76257467269897,"NIP40_2007_1564"
"168",11.3444051742554,"NIP40_2011_1791"
"169",7.05035305023193,"NIP40_2013_1870"
"170",8.42074775695801,"NIP40_2017_1953"
"171",6.0381007194519,"NIP40_2018_2037"
"172",78.3692626953125,"NIP40_2020_2211"
"173",8.16476821899414,"NIP400_2006_1613"
"174",59.331729888916,"NIP402_2006_1615"
"175",6.60820055007935,"NIP404_2006_1612"
"176",40.9624061584473,"NIP406_2006_1569"
"177",41.0999450683594,"NIP409_2006_1570"
"178",3.13536667823792,"NIP41_2010_1731"
"179",56.078125,"NIP410_2006_1602"
"180",29.5396575927734,"NIP411_2006_1657"
"181",49.6276588439941,"NIP413_2006_1656"
"182",64.8777313232422,"NIP414_2006_1648"
"183",36.0938377380371,"NIP415_2006_1645"
"184",15.4288959503174,"NIP42_2003_1430"
"185",29.4953460693359,"NIP426_2006_1572"
"186",17.3240756988525,"NIP428_2006_1646"
"187",7.70360660552979,"NIP43_2013_1868"
"188",16.260814666748,"NIP430_2006_1637"
"189",4.51408386230469,"NIP44_2013_1864"
"190",95.2964706420898,"NIP440_2006_1601"
"191",4.07021045684814,"NIP45_2010_1752"
"192",4.61077976226807,"NIP45_2013_1867"
"193",9.29198169708252,"NIP45_2018_2132"
"194",17.2877388000488,"NIP45_2020_2208"
"195",5.36468696594238,"NIP46_2017_1955"
"196",1.11969316005707,"NIP46_2020_2203"
"197",0.853982746601105,"NIP47_2002_182"
"198",7.94488334655762,"NIP47_2011_1698"
"199",4.55642080307007,"NIP47_2020_2196"
"200",1.4710533618927,"NIP48_2002_180"
"201",5.04001092910767,"NIP48_2013_1860"
"202",4.90449237823486,"NIP49_2012_1763"
"203",8.02075576782227,"NIP49_2018_2152"
"204",14.7825489044189,"NIP5_2018_2048"
"205",5.08666276931763,"NIP50_2013_1866"
"206",6.13718223571777,"NIP51_2002_94"
"207",3.20456624031067,"NIP51_2013_1874"
"208",31.5878391265869,"NIP51_2020_2206"
"209",4.58923816680908,"NIP52_2001_3"
"210",18.5635738372803,"NIP52_2005_1522"
"211",8.04006385803223,"NIP53_2001_1"
"212",1.16295278072357,"NIP53_2013_1872"
"213",6.5428900718689,"NIP53_2018_2122"
"214",2.99999976158142,"NIP54_2001_40"
"215",4.67127656936646,"NIP54_2002_173"
"216",3.88375759124756,"NIP54_2011_1735"
"217",3.1875479221344,"NIP54_2017_2027"
"218",5.69915914535522,"NIP55_2001_66"
"219",4.71303606033325,"NIP55_2002_164"
"220",6.62614297866821,"NIP55_2011_1811"
"221",6.9632420539856,"NIP56_2002_174"
"222",10.2852935791016,"NIP58_2003_1421"
"223",3.5841498374939,"NIP59_2003_1555"
"224",0,"NIP59_2012_1762"
"225",4.91598176956177,"NIP60_2012_1848"
"226",10.8909358978271,"NIP61_2012_1930"
"227",5.54909563064575,"NIP62_2012_1912"
"228",1.41421353816986,"NIP63_2012_1764"
"229",9.12732410430908,"NIP64_2017_1957"
"230",14.9810037612915,"NIP65_2017_2103"
"231",32.1297187805176,"NIP66_2011_1835"
"232",1.52992510795593,"NIP68_2003_1407"
"233",8.00118446350098,"NIP68_2017_2080"
"234",16.8341503143311,"NIP70_2006_1583"
"235",7.67403650283813,"NIP72_2001_68"
"236",1.47802078723907,"NIP72_2003_1483"
"237",16.3991374969482,"NIP73_2001_41"
"238",5.48466682434082,"NIP73_2017_2084"
"239",3.71682691574097,"NIP74_2001_70"
"240",46.0031280517578,"NIP75_2002_76"
"241",6.86330127716064,"NIP75_2017_1954"
"242",9,"NIP77_2001_49"
"243",14.0425500869751,"NIP77_2017_2079"
"244",1.76671814918518,"NIP78_2017_1942"
"245",4.77568912506104,"NIP79_2002_189"
"246",3.83670568466187,"NIP79_2003_1558"
"247",49.1989898681641,"NIP80_2005_1523"
"248",20.3925476074219,"NIP81_2002_96"
"249",12.9056940078735,"NIP81_2003_1437"
"250",12.7531843185425,"NIP81_2006_1684"
"251",2.69832396507263,"NIP83_2002_88"
"252",58.7412910461426,"NIP85_2002_103"
"253",11.4213485717773,"NIP9_2017_2090"
"254",6.03628540039062,"NIP92_2003_1402"
"255",39.5430603027344,"NIP94_2011_1747"
"256",12.6871089935303,"NIP95_2003_1500"
"257",8.36978530883789,"NIP95_2017_2114"
"258",17.5166625976562,"NIP98_2017_2097"
"259",25.1684074401855,"NIP99_2017_2094"
"260",62.9439392089844,"NOR19_2018_2136"
"261",37.6535377502441,"NOR25_2018_2121"
"262",30.9925727844238,"NOR32_2016_2002"
"263",24.1130237579346,"NOR42_2018_2129"
"264",40.4293899536133,"NOR46_2018_2069"
"265",4.93712139129639,"NOR55_2018_2141"
"266",10.8018035888672,"NOR56_2018_2044"
"267",49.9352073669434,"NOR61_2018_2134"
"268",34.5733337402344,"NOR62_2018_2053"
"269",38.0318603515625,"NOR68_2018_2028"
"270",23.9779777526855,"NOR69_2018_2119"
"271",59.833568572998,"NOR72_2018_2035"
"272",7.8248233795166,"PAR33_2018_2071"
"273",34.2831420898438,"PEM2_2007_1588"
"274",5.31859731674194,"PEM25_2012_1933"
"275",6.02026748657227,"PEM3_2001_11"
"276",23.1855335235596,"PEM6_2018_2137"
"277",20.0483932495117,"PEM7_2018_2038"
"278",17.369909286499,"PEM9_2002_104"
"279",10.7850208282471,"RED1_2002_15"
"280",11.3896608352661,"RED10_2009_1716"
"281",21.9132976531982,"RED10_2015_1960"
"282",23.0818729400635,"RED100_2011_1783"
"283",15.6599550247192,"RED101_2011_1802"
"284",6.94573974609375,"RED103_2011_1812"
"285",16.7107353210449,"RED103_2012_1757"
"286",7.9033145904541,"RED103_2017_2102"
"287",9.30265522003174,"RED103_2018_2061"
"288",9.43612670898438,"RED106_2011_1803"
"289",10.1187238693237,"RED107_2011_1779"
"290",13.0145397186279,"RED108_2018_2033"
"291",3.15605521202087,"RED109_2018_2155"
"292",7.07613658905029,"RED11_2007_1562"
"293",9.73652458190918,"RED11_2015_1986"
"294",16.3571510314941,"RED110_2018_2030"
"295",14.0388069152832,"RED111_2011_1742"
"296",1.34068262577057,"RED112_2011_1744"
"297",20.4161128997803,"RED113_2006_1629"
"298",16.6080360412598,"RED113_2011_1743"
"299",15.5243444442749,"RED114_2011_1778"
"300",15.2287940979004,"RED115_2018_2156"
"301",22.8899765014648,"RED118_2011_1780"
"302",5.57990407943726,"RED12_2020_2194"
"303",9.11312198638916,"RED120_2011_1793"
"304",8,"RED121_2011_1722"
"305",8.0983247756958,"RED121_2018_2158"
"306",6.83849382400513,"RED122_2011_1794"
"307",10.5742034912109,"RED123_2011_1790"
"308",26.5259666442871,"RED124_2011_1958"
"309",5.18580722808838,"RED14_2006_1594"
"310",21.7302646636963,"RED14_2019_2176"
"311",23.6871166229248,"RED146_2006_1628"
"312",4.16593217849731,"RED15_2006_1595"
"313",16.3787727355957,"RED16_2006_1679"
"314",22.899393081665,"RED16_2015_1994"
"315",12.6153030395508,"RED163_2006_1625"
"316",20.1473731994629,"RED17_2014_2020"
"317",15.0207109451294,"RED17_2015_1993"
"318",14.7055253982544,"RED17_2019_2178"
"319",18.2878799438477,"RED170_2018_2052"
"320",7.55100011825562,"RED175_2006_1577"
"321",15.1370849609375,"RED176_2006_1632"
"322",11.1354274749756,"RED18_2020_2209"
"323",20.5883159637451,"RED182_2006_1626"
"324",17.450023651123,"RED183_2006_1627"
"325",21.8016948699951,"RED184_2006_1678"
"326",19.8260135650635,"RED186_2006_1677"
"327",20.7894420623779,"RED188_2006_1676"
"328",5.03255367279053,"RED192_2006_1680"
"329",23.5916404724121,"RED193_2006_1682"
"330",19.3039894104004,"RED21_2002_170"
"331",10.828049659729,"RED22_2011_1797"
"332",23.1876010894775,"RED22_2020_2195"
"333",17.7247409820557,"RED23_2002_168"
"334",9.33475303649902,"RED23_2011_1795"
"335",18.364315032959,"RED23_2017_1941"
"336",18.1757144927979,"RED23_2019_2164"
"337",18.5616302490234,"RED24_2011_1796"
"338",14.0229387283325,"RED24_2013_1892"
"339",8.76921367645264,"RED24_2015_1966"
"340",16.740571975708,"RED24_2019_2186"
"341",10.4470634460449,"RED24_2020_2199"
"342",12.7918109893799,"RED25_2010_1756"
"343",18.8993129730225,"RED25_2015_1983"
"344",20.5100574493408,"RED25_2019_2181"
"345",22.0698890686035,"RED26_2010_1755"
"346",22.2396945953369,"RED26_2011_1806"
"347",25.2872943878174,"RED27_2002_191"
"348",39.6388511657715,"RED27_2011_1701"
"349",5.21721744537354,"RED28_2012_1849"
"350",25.0454483032227,"RED29_2011_1809"
"351",16.9096260070801,"RED29_2014_2017"
"352",20.153995513916,"RED29_2020_2204"
"353",14.098105430603,"RED3_2016_2005"
"354",16.5804977416992,"RED30_2018_2032"
"355",3.93920660018921,"RED30_2019_2182"
"356",8.00065517425537,"RED30_2020_2218"
"357",16.46923828125,"RED31_2013_1862"
"358",19.7131252288818,"RED32_2010_1751"
"359",17.9460716247559,"RED32_2011_1789"
"360",10.4278631210327,"RED32_2013_1865"
"361",20.2527637481689,"RED34_2002_190"
"362",15.11496925354,"RED34_2012_1925"
"363",10.3422727584839,"RED34_2017_2025"
"364",8.01856994628906,"RED35_2011_1721"
"365",17.746072769165,"RED36_2011_1671"
"366",2.07575273513794,"RED37_2002_187"
"367",7.34878540039062,"RED38_2002_186"
"368",10.2630882263184,"RED38_2012_1913"
"369",21.0347194671631,"RED38_2018_2029"
"370",27.7846717834473,"RED38_2019_2171"
"371",22.2349662780762,"RED39_2002_90"
"372",9.37133979797363,"RED39_2012_1901"
"373",23.5570888519287,"RED39_2019_2172"
"374",13.8724489212036,"RED4_2014_2019"
"375",19.1179580688477,"RED40_2002_91"
"376",18.0264263153076,"RED40_2019_2177"
"377",5.39246034622192,"RED41_2002_169"
"378",13.4691009521484,"RED41_2012_1758"
"379",17.6338653564453,"RED41_2013_1888"
"380",16.868091583252,"RED44_2006_1683"
"381",22.6699256896973,"RED44_2010_1753"
"382",25.0367794036865,"RED44_2015_1968"
"383",14.8751792907715,"RED44_2019_2165"
"384",14.9689502716064,"RED45_2019_2169"
"385",14.6574745178223,"RED46_2015_1996"
"386",18.015796661377,"RED47_2002_92"
"387",5.38178253173828,"RED48_2001_72"
"388",16.5263729095459,"RED49_2012_1844"
"389",9.82585144042969,"RED49_2019_2189"
"390",13.2931680679321,"RED49_2020_2210"
"391",11.8753108978271,"RED5_2002_185"
"392",18.4096851348877,"RED50_2011_1813"
"393",16.4764995574951,"RED50_2012_1926"
"394",12.7650451660156,"RED50_2015_1999"
"395",9.58515739440918,"RED51_2011_1670"
"396",11.0024147033691,"RED51_2012_1908"
"397",10.4300117492676,"RED52_2011_1814"
"398",23.330680847168,"RED52_2012_1902"
"399",19.1334667205811,"RED52_2018_2148"
"400",19.2918853759766,"RED53_2011_1792"
"401",20.912389755249,"RED53_2012_1842"
"402",12.4631757736206,"RED54_2011_1784"
"403",12.4619112014771,"RED54_2017_2113"
"404",14.5889778137207,"RED55_2002_95"
"405",14.1526679992676,"RED55_2011_1787"
"406",19.2112865447998,"RED55_2018_2124"
"407",10.8692436218262,"RED56_2002_167"
"408",9,"RED56_2013_1884"
"409",11.8351678848267,"RED56_2017_2098"
"410",15.7632274627686,"RED57_2002_163"
"411",17.8093585968018,"RED57_2012_1845"
"412",16.764461517334,"RED57_2018_2130"
"413",9.65122127532959,"RED57_2019_2174"
"414",17.6812133789062,"RED58_2011_1799"
"415",17.8967933654785,"RED58_2012_1922"
"416",7.5172643661499,"RED58_2015_1987"
"417",13.3475904464722,"RED59_2012_1909"
"418",7.94715976715088,"RED59_2015_1962"
"419",24.5729579925537,"RED59_2019_2180"
"420",6.22692203521729,"RED60_2001_42"
"421",16.4343318939209,"RED60_2002_175"
"422",28.4546737670898,"RED60_2012_1899"
"423",6.97985315322876,"RED60_2018_2150"
"424",16.4886817932129,"RED60_2019_2190"
"425",3.98957061767578,"RED61_2001_65"
"426",20.5063285827637,"RED61_2012_1843"
"427",15.874810218811,"RED62_2012_1936"
"428",27.0233879089355,"RED62_2019_2193"
"429",23.6578159332275,"RED63_2002_171"
"430",27.4898643493652,"RED63_2012_1923"
"431",17.7594127655029,"RED64_2012_1905"
"432",17.1703834533691,"RED65_2003_1440"
"433",6.39944314956665,"RED65_2011_1777"
"434",8.71353054046631,"RED66_2002_181"
"435",16.6350154876709,"RED66_2011_1723"
"436",18.4242382049561,"RED66_2012_1900"
"437",1.73592150211334,"RED67_2011_1724"
"438",3.99455285072327,"RED67_2018_2070"
"439",10.7705116271973,"RED68_2003_1428"
"440",0,"RED69_2006_1673"
"441",5.42066240310669,"RED69_2012_1839"
"442",18.331657409668,"RED69_2017_2092"
"443",9.53420734405518,"RED7_2008_1665"
"444",11.6053943634033,"RED7_2009_1725"
"445",15.590012550354,"RED7_2015_1998"
"446",5.79011631011963,"RED70_2012_1937"
"447",15.4787149429321,"RED70_2018_2149"
"448",18.535041809082,"RED71_2012_1918"
"449",11.3072996139526,"RED72_2011_1816"
"450",11.2668104171753,"RED72_2012_1906"
"451",1.87827086448669,"RED73_2011_1801"
"452",4.29075336456299,"RED75_2019_2192"
"453",17.577543258667,"RED76_2018_2147"
"454",16.546932220459,"RED78_2018_2138"
"455",16.9341049194336,"RED8_2014_1882"
"456",6,"RED8_2020_2198"
"457",11.8401861190796,"RED80_2018_2049"
"458",17.0633201599121,"RED81_2018_2127"
"459",22.8865375518799,"RED82_2003_1498"
"460",15.7271680831909,"RED82_2011_1800"
"461",18.0350780487061,"RED82_2018_2040"
"462",10.1509962081909,"RED84_2006_1576"
"463",13.283034324646,"RED84_2011_1823"
"464",15.5456266403198,"RED85_2011_1818"
"465",21.9809379577637,"RED86_2018_2060"
"466",14.2310171127319,"RED87_2017_2088"
"467",14.9469528198242,"RED9_2020_2216"
"468",2.594810962677,"RED90_2003_1422"
"469",6.23330736160278,"RED91_2003_1438"
"470",20.3190250396729,"RED91_2011_1702"
"471",14.9227495193481,"RED93_2003_1545"
"472",2.70600247383118,"RED93_2011_1738"
"473",8.12924385070801,"RED94_2012_1854"
"474",21.9297027587891,"RED96_2011_1804"
"475",17.9521884918213,"RED96_2018_2116"
"476",17.5432739257812,"RED97_2018_2064"
"477",62.0445289611816,"SAU13_2007_1587"
"478",128.927230834961,"SAU20_2011_1837"
"479",7.86517333984375,"SAU7_2003_1436"
"480",0,"SAU78_2006_1560"
"481",1.87260842323303,"SLK1_2001_63"
"482",14.1587257385254,"SLK1_2002_16"
"483",11.3835697174072,"SLK1_2003_1453"
"484",7.2176947593689,"SLK10_2009_1706"
"485",1.81471455097198,"SLK101_2003_1480"
"486",9.50909805297852,"SLK101_2011_1737"
"487",2.20809364318848,"SLK101_2012_1840"
"488",13.1057071685791,"SLK102_2017_1956"
"489",5.28291511535645,"SLK103_2011_1736"
"490",3.00698757171631,"SLK103_2017_2095"
"491",5.07966184616089,"SLK105_2012_1931"
"492",2.86668729782104,"SLK11_2002_54"
"493",16.4070682525635,"SLK11_2007_1658"
"494",15.7478361129761,"SLK113_2018_2135"
"495",10.5479021072388,"SLK115_2017_2023"
"496",4.65335130691528,"SLK117_2018_2117"
"497",4.2283616065979,"SLK118_2006_1590"
"498",7.94539356231689,"SLK12_2002_55"
"499",2.73158836364746,"SLK122_2017_2081"
"500",8.46581363677979,"SLK129_2017_1951"
"501",7.6540641784668,"SLK13_2009_1707"
"502",2.54005599021912,"SLK13_2014_1881"
"503",1.41421353816986,"SLK132_2011_1740"
"504",11.8459711074829,"SLK147_2011_1700"
"505",2.74697923660278,"SLK157_2017_2082"
"506",4.23850965499878,"SLK16_2013_1873"
"507",4,"SLK162_2017_2100"
"508",15.6380891799927,"SLK162_2018_2133"
"509",14.943808555603,"SLK17_2002_193"
"510",9.62573051452637,"SLK17_2009_1705"
"511",12.5891857147217,"SLK17_2017_2107"
"512",7.72966051101685,"SLK175_2017_2072"
"513",4.40706872940063,"SLK18_2013_1878"
"514",14.8680429458618,"SLK18_2018_2068"
"515",1,"SLK187_2017_1946"
"516",1.8093296289444,"SLK19_2002_172"
"517",3.45559215545654,"SLK19_2013_1871"
"518",7.37024974822998,"SLK19_2015_1967"
"519",2.35988926887512,"SLK19_2018_2054"
"520",3.22602200508118,"SLK2_2002_51"
"521",5.94026803970337,"SLK20_2003_1434"
"522",0.522593379020691,"SLK20_2012_1919"
"523",1.61713397502899,"SLK200_2017_2026"
"524",3.16185688972473,"SLK21_2002_177"
"525",9.81170845031738,"SLK21_2013_1890"
"526",10.5942211151123,"SLK21_2015_1981"
"527",11.86363697052,"SLK22_2009_1704"
"528",2.9809136390686,"SLK22_2013_1889"
"529",3.89651203155518,"SLK22_2018_2144"
"530",6.08538675308228,"SLK22_2019_2187"
"531",4.5378303527832,"SLK23_2009_1712"
"532",7.56695318222046,"SLK23_2013_1885"
"533",10.0000009536743,"SLK23_2015_1974"
"534",4.60263204574585,"SLK23_2017_2077"
"535",1.59152483940125,"SLK23_2018_2056"
"536",3.54450917243958,"SLK237_2017_1939"
"537",2.69432306289673,"SLK24_2001_43"
"538",15.5817852020264,"SLK24_2009_1727"
"539",5.80369901657104,"SLK24_2013_1895"
"540",2.53960943222046,"SLK25_2005_1535"
"541",13.7357177734375,"SLK25_2009_1726"
"542",7.29605293273926,"SLK25_2013_1861"
"543",7.13989973068237,"SLK25_2020_2201"
"544",10.1553039550781,"SLK26_2009_1715"
"545",3.20963287353516,"SLK26_2012_1765"
"546",2.98169541358948,"SLK26_2017_2089"
"547",10.8018732070923,"SLK26_2018_2142"
"548",4.54381275177002,"SLK26_2020_2197"
"549",6.29755210876465,"SLK27_2013_1869"
"550",9.38596820831299,"SLK27_2018_2154"
"551",3.33079409599304,"SLK28_2015_1992"
"552",2.30109167098999,"SLK29_2008_1667"
"553",2.949702501297,"SLK29_2012_1855"
"554",8.44845771789551,"SLK29_2016_2007"
"555",5.42160701751709,"SLK3_2001_39"
"556",1.9884033203125,"SLK3_2002_52"
"557",3,"SLK3_2020_2205"
"558",7.26505136489868,"SLK30_2002_184"
"559",6.16362428665161,"SLK30_2006_1581"
"560",2.16950941085815,"SLK30_2015_1975"
"561",6.54946947097778,"SLK31_2002_89"
"562",5.83746957778931,"SLK31_2013_1891"
"563",7.09853887557983,"SLK31_2019_2184"
"564",9.49271106719971,"SLK32_2012_1850"
"565",8.43848323822021,"SLK32_2015_1980"
"566",5.35901832580566,"SLK32_2017_1948"
"567",6.2987585067749,"SLK33_2017_2106"
"568",8.28109169006348,"SLK33_2019_2168"
"569",6.30189895629883,"SLK34_2008_1666"
"570",14.5893726348877,"SLK35_2011_1821"
"571",4.76307153701782,"SLK35_2013_1875"
"572",1.30275881290436,"SLK36_2002_56"
"573",4.40708446502686,"SLK36_2015_1985"
"574",10.378978729248,"SLK36_2017_1950"
"575",0,"SLK36_2020_2200"
"576",8.08578014373779,"SLK37_2013_1893"
"577",4.45057725906372,"SLK37_2018_2058"
"578",5.57948446273804,"SLK37_2019_2175"
"579",3.63575100898743,"SLK37_2020_2160"
"580",7.36619853973389,"SLK38_2006_1674"
"581",13.0709981918335,"SLK38_2011_1798"
"582",8.85910034179688,"SLK38_2017_2105"
"583",6.50397682189941,"SLK38_2019_2167"
"584",6.26593160629272,"SLK39_2019_2170"
"585",10.4526891708374,"SLK4_2001_64"
"586",5.81609582901001,"SLK4_2002_17"
"587",5.13002490997314,"SLK4_2003_1401"
"588",9.19931507110596,"SLK40_2005_1534"
"589",16.5826644897461,"SLK40_2006_1672"
"590",10.8060827255249,"SLK40_2011_1693"
"591",5.62741136550903,"SLK40_2019_2163"
"592",6.44158744812012,"SLK41_2013_1897"
"593",3.13258242607117,"SLK41_2015_1989"
"594",2,"SLK41_2019_2183"
"595",2,"SLK42_2006_1675"
"596",25.1944808959961,"SLK42_2017_1949"
"597",12.3136548995972,"SLK43_2013_1896"
"598",6.347900390625,"SLK43_2017_2075"
"599",0.523341119289398,"SLK44_2001_67"
"600",4.82557344436646,"SLK44_2006_1593"
"601",1.1045196056366,"SLK44_2017_2083"
"602",8.38246059417725,"SLK44_2018_2043"
"603",1,"SLK45_2001_44"
"604",5.89399147033691,"SLK45_2006_1599"
"605",8.40983390808105,"SLK45_2011_1695"
"606",2.71115040779114,"SLK45_2013_1863"
"607",8.34915161132812,"SLK45_2017_1940"
"608",9.38183116912842,"SLK46_2011_1694"
"609",5.43164300918579,"SLK47_2001_69"
"610",6.24484586715698,"SLK47_2002_73"
"611",6.36262559890747,"SLK47_2011_1788"
"612",21.1665267944336,"SLK47_2012_1932"
"613",7.77733516693115,"SLK47_2020_2217"
"614",2.12020897865295,"SLK48_2006_1681"
"615",7.87552356719971,"SLK48_2011_1785"
"616",13.5314340591431,"SLK48_2018_2047"
"617",7.81668376922607,"SLK48_2020_2214"
"618",2.36280369758606,"SLK49_2010_1730"
"619",3.25098133087158,"SLK49_2018_2128"
"620",8.34642601013184,"SLK5_2001_38"
"621",11.047022819519,"SLK5_2002_12"
"622",7.75354862213135,"SLK50_2011_1805"
"623",10.5405616760254,"SLK51_2003_1403"
"624",5.05163955688477,"SLK51_2011_1808"
"625",7.22794914245605,"SLK51_2018_2046"
"626",7.86527872085571,"SLK52_2017_2110"
"627",1.89732587337494,"SLK53_2015_1969"
"628",8.71550464630127,"SLK53_2018_2067"
"629",6.44253063201904,"SLK54_2002_179"
"630",9.4498176574707,"SLK55_2011_1741"
"631",8.88759994506836,"SLK55_2015_1963"
"632",14.9202375411987,"SLK55_2018_2143"
"633",16.0869216918945,"SLK56_2018_2118"
"634",17.3643989562988,"SLK57_2003_1479"
"635",4.98977899551392,"SLK57_2011_1739"
"636",3.20639038085938,"SLK57_2015_1997"
"637",7.89520692825317,"SLK57_2018_2062"
"638",13.2064237594604,"SLK58_2003_1412"
"639",3.93036389350891,"SLK6_2001_37"
"640",9.8033332824707,"SLK6_2002_13"
"641",8.30984020233154,"SLK6_2016_2012"
"642",10.8480253219604,"SLK60_2011_1815"
"643",18.0654067993164,"SLK61_2011_1819"
"644",6.00000047683716,"SLK62_2015_1988"
"645",4.53786849975586,"SLK63_2010_1729"
"646",7.88248348236084,"SLK63_2017_2096"
"647",6.27751445770264,"SLK64_2010_1733"
"648",13.0531902313232,"SLK64_2011_1820"
"649",4.12063360214233,"SLK64_2017_2086"
"650",6.35068798065186,"SLK65_2003_1488"
"651",6.12699937820435,"SLK65_2010_1732"
"652",4.62446594238281,"SLK65_2011_1822"
"653",6.14496231079102,"SLK66_2003_1432"
"654",6.32029390335083,"SLK67_2015_1982"
"655",10.5642175674438,"SLK67_2018_2123"
"656",2.92858123779297,"SLK68_2002_178"
"657",9.96147727966309,"SLK68_2017_2101"
"658",11.5804004669189,"SLK68_2018_2065"
"659",7.8805775642395,"SLK7_2002_14"
"660",1.23909759521484,"SLK7_2017_2099"
"661",3.79292011260986,"SLK70_2002_166"
"662",7.8349232673645,"SLK70_2003_1431"
"663",12.9545259475708,"SLK70_2011_1807"
"664",4.41745328903198,"SLK71_2003_1538"
"665",4.21507787704468,"SLK71_2011_1745"
"666",3.21094250679016,"SLK71_2012_1914"
"667",24.714822769165,"SLK72_2012_1766"
"668",7.70875358581543,"SLK73_2012_1759"
"669",27.6201305389404,"SLK74_2012_1851"
"670",12.0178737640381,"SLK75_2011_1699"
"671",6.55298900604248,"SLK76_2011_1810"
"672",12.4860429763794,"SLK79_2011_1697"
"673",6.0896372795105,"SLK79_2012_1927"
"674",12.6083078384399,"SLK8_2002_18"
"675",13.0158014297485,"SLK8_2017_1947"
"676",19.8184871673584,"SLK8_2019_2188"
"677",7.74509572982788,"SLK80_2003_1547"
"678",6.22055673599243,"SLK81_2012_1915"
"679",10.1304111480713,"SLK82_2011_1824"
"680",12.0996322631836,"SLK82_2012_1857"
"681",10.0685062408447,"SLK82_2017_2076"
"682",8.30186557769775,"SLK84_2011_1669"
"683",3.54894709587097,"SLK85_2011_1781"
"684",2.66184878349304,"SLK85_2012_1760"
"685",11.0158557891846,"SLK87_2011_1782"
"686",8.28074836730957,"SLK88_2011_1786"
"687",9.16447639465332,"SLK91_2012_1846"
"688",7.77859830856323,"SLK93_2012_1928"
"689",7.69922399520874,"SLK94_2003_1494"
"690",8.06152534484863,"SLK95_2011_1817"
"691",3.6986985206604,"SLK96_2017_2074"
"692",12.0000009536743,"SLK97_2006_1591"
"693",13.0298471450806,"SLK97_2012_1910"
"694",6.42306089401245,"SUD35_2016_2006"
"695",23.6252422332764,"SUD38_2015_1970"
"696",25.4559059143066,"SUD46_2007_1586"
"697",29.3818397521973,"SUD8_2006_1561"
"698",19.7605819702148,"SUD83_2018_2125"
"699",2,"THU113_2006_1568"
"700",78.7088851928711,"THU133_2006_1688"
"701",15.2110290527344,"THU142_2006_1634"
"702",7.41626310348511,"THU143_2006_1642"
"703",18.7722511291504,"THU144_2006_1638"
"704",9.28119659423828,"THU151_2006_1650"
"705",47.3975982666016,"THU154_2006_1687"
"706",25.1129550933838,"THU16_2002_102"
"707",5.25943565368652,"THU16_2013_1877"
"708",18.4641971588135,"THU163_2006_1640"
"709",10.6439504623413,"THU167_2006_1653"
"710",19.9852695465088,"THU176_2006_1652"
"711",10.9706716537476,"THU184_2006_1647"
"712",39.3484573364258,"THU185_2006_1633"
"713",29.0439014434814,"THU189_2006_1610"
"714",12.6222553253174,"THU19_2016_2001"
"715",13.1741151809692,"THU190_2006_1636"
"716",47.8156051635742,"THU192_2006_1689"
"717",11.1792650222778,"THU21_2009_1719"
"718",10.835485458374,"THU22_2011_1831"
"719",62.5876655578613,"THU232_2006_1690"
"720",21.7127590179443,"THU234_2006_1635"
"721",24.3893585205078,"THU246_2006_1597"
"722",4,"THU249_2006_1639"
"723",8.73504638671875,"THU28_2003_1502"
"724",9.93292999267578,"THU30_2005_1525"
"725",12.8873920440674,"THU31_2005_1510"
"726",6.54343748092651,"THU31_2017_2093"
"727",18.2114219665527,"THU33_2011_1829"
"728",9.718430519104,"THU35_2012_1858"
"729",15.2706689834595,"THU36_2007_1584"
"730",3.23495388031006,"THU36_2018_2051"
"731",38.4715538024902,"THU37_2007_1662"
"732",12.5664567947388,"THU38_2008_1668"
"733",15.1753854751587,"THU39_2007_1661"
"734",17.1573600769043,"THU4_2020_2161"
"735",22.8656826019287,"THU50_2011_1826"
"736",11.6486396789551,"THU51_2011_1828"
"737",15.7062864303589,"THU52_2018_2036"
"738",14.4364757537842,"THU57_2005_1526"
"739",25.9621562957764,"THU57_2011_1746"
"740",15.5300273895264,"THU58_2011_1825"
"741",15.579252243042,"THU58_2017_2073"
"742",9.37643432617188,"THU59_2017_2085"
"743",25.3567810058594,"THU61_2017_2087"
"744",15.7124042510986,"THU65_2005_1527"
"745",14.217490196228,"THU65_2012_1859"
"746",19.2344570159912,"THU66_2003_1537"
"747",10.263466835022,"THU67_2005_1528"
"748",14.2482833862305,"THU80_2011_1830"
"749",44.3824729919434,"TIM12_2018_2153"
"750",9.40270137786865,"TIM13_2010_1776"
"751",11.3950824737549,"TIM19_2005_1512"
"752",25.4399070739746,"TIM2_2019_2173"
"753",20.4203872680664,"TIM27_2012_1921"
"754",1.46219515800476,"TIM3_2007_1585"
"755",5.99999952316284,"TIM34_2011_1750"
"756",15.5288248062134,"TIM47_2012_1903"
"757",28.0794696807861,"TIM5_2005_1517"
"758",2.07451462745667,"TIM56_2005_1529"
"759",35.3497505187988,"TIM6_2018_2045"
"760",7.54751062393188,"TIM7_2005_1515"
"761",3.2051100730896,"TIM7_2010_1774"
"762",8.88894557952881,"TIM7_2012_1898"
"763",10.7043828964233,"TIM9_2010_1773"
"764",24.159460067749,"TIM9_2012_1852"
"765",21.6149158477783,"WAW12_2011_1749"
"766",29.9077301025391,"WAW13_2003_1409"
"767",9.173095703125,"WAW17_2012_1934"
"768",0,"WAW18_2010_1775"
"769",15.8516550064087,"WAW21_2003_1406"
"770",31.5488605499268,"WAW23_2003_1503"
"771",48.1382789611816,"WAW4_2012_1916"
"772",23.3781032562256,"WAW5_2012_1904"
"773",32.6312408447266,"WAW7_2016_2010"
