"","Fire_ID","TmaxDay"
"1","SLK4_2003_1401",16.63438948398
"2","WAW21_2003_1406",22.5898433425692
"3","DRY57_2003_1410",27.8429934939724
"4","NIP58_2003_1421",26.1068370917199
"5","KEN110_2003_1423",34.0892383939228
"6","RED68_2003_1428",26.1496965812914
"7","SLK20_2003_1434",22.8641961086756
"8","SAU7_2003_1436",17.090782779196
"9","DRY58_2003_1441",22.2660326250138
"10","KLK5_2003_1495",26.4043389364389
"11","KLK9_2003_1496",17.5011508922138
"12","SLK71_2003_1538",24.8650780212476
"13","NIP68_2003_1407",22.1804132939792
"14","SLK70_2003_1431",29.242524948056
"15","SLK66_2003_1432",29.9707417157211
"16","SLK1_2003_1453",22.6620956576403
"17","SLK101_2003_1480",29.0656585101933
"18","NIP72_2003_1483",21.3530459057201
"19","SLK65_2003_1488",18.384749364749
"20","SLK94_2003_1494",29.1403737742572
"21","NIP95_2003_1500",27.6432540095936
"22","DRY5_2003_1418",19.3799991607666
"23","FOR11_2003_1420",17.4318159495685
"24","FOR14_2003_1484",20.8031667476326
"25","SLK51_2003_1403",30.8862097043738
"26","SLK58_2003_1412",29.7686860830966
"27","RED90_2003_1422",27.1299991607666
"28","RED91_2003_1438",30.7600577381853
"29","RED65_2003_1440",25.4403554506391
"30","SLK57_2003_1479",30.1815210275166
"31","RED82_2003_1498",22.0591882980253
"32","RED93_2003_1545",28.1700228213179
"33","SLK80_2003_1547",23.5017511483761
"34","NIP92_2003_1402",20.9749738161093
"35","WAW13_2003_1409",22.0041998342317
"36","NIP42_2003_1430",25.7049073179369
"37","NIP81_2003_1437",27.1508946638284
"38","NIP17_2003_1485",22.1063428478532
"39","THU28_2003_1502",16.1298931652212
"40","WAW23_2003_1503",24.0813159092883
"41","THU66_2003_1537",29.8605708451558
"42","NIP59_2003_1555",31.9936181131846
"43","NIP79_2003_1558",20.7434050032596
"44","KLK9_2004_1508",19.5205020904541
"45","TIM19_2005_1512",26.9063605951978
"46","FOR14_2005_1514",30.8486028672577
"47","COC10_2005_1519",27.2413184826191
"48","THU57_2005_1526",29.7488918039734
"49","THU67_2005_1528",25.8396737979102
"50","HEA63_2005_1511",24.4449086218524
"51","CHA18_2005_1513",33.5699996948242
"52","TIM7_2005_1515",25.5702492599292
"53","FOR24_2005_1516",31.8041474741215
"54","TIM5_2005_1517",25.3632575979649
"55","FOR18_2005_1520",30.0499992853479
"56","NIP52_2005_1522",26.8190769232236
"57","NIP80_2005_1523",18.4332580716158
"58","TIM56_2005_1529",33.4444876693365
"59","THU31_2005_1510",25.25533209028
"60","NIP112_2005_1518",22.3053143691506
"61","NIP20_2005_1521",26.5917690168594
"62","THU30_2005_1525",27.6893768410583
"63","THU65_2005_1527",23.8833084492606
"64","COC37_2005_1533",32.5974169797298
"65","SLK40_2005_1534",28.6859633186854
"66","SLK25_2005_1535",33.660375882039
"67","NIP104_2005_1536",28.9420966519018
"68","SUD8_2006_1561",22.3140761320758
"69","NIP409_2006_1570",20.9398001046589
"70","NIP322_2006_1573",12.3392647189253
"71","SLK44_2006_1593",24.7437212662542
"72","NIP257_2006_1604",26.8560965568789
"73","NIP323_2006_1607",23.3975607155528
"74","NIP328_2006_1608",13.0199533558003
"75","NIP296_2006_1609",22.7880433918901
"76","NIP341_2006_1614",22.8244769822719
"77","NIP334_2006_1616",20.3377551383713
"78","NIP338_2006_1664",18.6221726650145
"79","SLK40_2006_1672",26.2590555818539
"80","COC34_2006_1686",24.9900932312012
"81","DRY79_2006_1692",25.4914409862337
"82","RED84_2006_1576",21.102121837855
"83","RED175_2006_1577",20.3696845457164
"84","RED177_2006_1579",22.5711708928014
"85","RED182_2006_1626",25.5471770681907
"86","RED183_2006_1627",25.5771020359212
"87","RED176_2006_1632",22.5276393432339
"88","RED186_2006_1677",25.9597753780137
"89","RED192_2006_1680",26.0900565979061
"90","SAU78_2006_1560",22.3785262459203
"91","THU246_2006_1597",24.1121521386944
"92","THU187_2006_1598",15.2177445763036
"93","THU189_2006_1610",22.9821541342937
"94","SLK30_2006_1581",22.8670167673812
"95","SLK118_2006_1590",14.3896340218986
"96","RED14_2006_1594",26.1087848962522
"97","RED15_2006_1595",24.4340126543869
"98","SLK45_2006_1599",21.0202811659428
"99","RED163_2006_1625",21.2004896784178
"100","RED146_2006_1628",18.2432453055253
"101","RED113_2006_1629",18.2442148018235
"102","RED69_2006_1673",27.3299999237061
"103","SLK38_2006_1674",24.2584669753574
"104","SLK42_2006_1675",25.7609241870271
"105","RED188_2006_1676",25.8250914052697
"106","RED184_2006_1678",18.7144820366673
"107","RED16_2006_1679",29.1211112978977
"108","SLK48_2006_1681",23.7888484727937
"109","RED193_2006_1682",25.9575438183073
"110","COC14_2006_1606",22.8403728319251
"111","COC8_2006_1649",22.5578285829864
"112","COC9_2006_1654",22.6070275693326
"113","NIP262_2006_1567",23.1973478420855
"114","NIP406_2006_1569",20.9287128856121
"115","NIP238_2006_1571",21.5125281086787
"116","NIP426_2006_1572",22.7649886258582
"117","NIP365_2006_1574",21.5311031594053
"118","NIP391_2006_1575",21.4882351607916
"119","NIP189_2006_1580",24.057629583688
"120","NIP70_2006_1583",32.9031457051044
"121","SLK97_2006_1591",22.938808796937
"122","NIP151_2006_1592",23.6473229773426
"123","NIP327_2006_1596",23.5181611771254
"124","NIP440_2006_1601",21.8353161360088
"125","NIP410_2006_1602",21.7647113058598
"126","NIP245_2006_1605",23.9927445105884
"127","NIP291_2006_1611",22.9934208685892
"128","NIP404_2006_1612",20.5477178648069
"129","NIP400_2006_1613",23.3363213119112
"130","NIP402_2006_1615",12.172602875592
"131","THU185_2006_1633",24.0934691257149
"132","THU142_2006_1634",20.8183830818101
"133","THU234_2006_1635",20.398658995576
"134","THU190_2006_1636",22.8840976502754
"135","NIP430_2006_1637",18.768670702314
"136","THU144_2006_1638",16.9205704443879
"137","THU249_2006_1639",15.0626584970498
"138","THU163_2006_1640",23.7808499895886
"139","NIP267_2006_1641",24.3959722518921
"140","THU143_2006_1642",18.7293628817107
"141","NIP344_2006_1643",22.5582361659225
"142","NIP226_2006_1644",27.9246420928605
"143","NIP415_2006_1645",24.1500906965851
"144","NIP428_2006_1646",23.1669163091506
"145","THU184_2006_1647",24.6234129761223
"146","NIP414_2006_1648",21.5829903403006
"147","THU151_2006_1650",27.5336402510001
"148","NIP108_2006_1651",25.5587994384766
"149","THU176_2006_1652",27.2118626388849
"150","THU167_2006_1653",12.0848432234622
"151","NIP276_2006_1655",22.2982486222319
"152","NIP413_2006_1656",21.3293150173638
"153","NIP411_2006_1657",19.2285404640622
"154","NIP380_2006_1663",13.6067032128572
"155","NIP81_2006_1684",28.8708628457168
"156","THU154_2006_1687",17.9661773305308
"157","THU133_2006_1688",18.2315916417093
"158","THU192_2006_1689",23.9168441473341
"159","THU232_2006_1690",12.4830176581629
"160","THU113_2006_1568",27.5707024136105
"161","FOR52_2006_1617",27.7553898296079
"162","FOR173_2006_1618",18.7646077510922
"163","FOR54_2006_1619",26.3532258701973
"164","FOR165_2006_1620",17.1596985246668
"165","FOR57_2006_1621",26.265553534583
"166","FOR63_2006_1622",32.517199076139
"167","FOR179_2006_1623",18.7468149890638
"168","FOR61_2006_1624",26.3723124600069
"169","RED44_2006_1683",32.8033692961906
"170","RED11_2007_1562",23.6900255062523
"171","NIP40_2007_1564",30.1542177245515
"172","DRY8_2007_1565",17.9167763182991
"173","KEN41_2007_1566",25.1477595672607
"174","TIM3_2007_1585",29.8520783511075
"175","SUD46_2007_1586",15.9352119701154
"176","SAU13_2007_1587",16.1963145708897
"177","PEM2_2007_1588",28.3788732032025
"178","THU37_2007_1662",26.2458694400411
"179","THU36_2007_1584",23.4599990844727
"180","SLK11_2007_1658",22.6271126261086
"181","DRY10_2007_1659",18.0200004577637
"182","NIP26_2007_1660",24.5734988529042
"183","THU39_2007_1661",16.3583095298623
"184","RED7_2008_1665",21.4028542080343
"185","SLK34_2008_1666",28.3205024996283
"186","SLK29_2008_1667",24.4680033232036
"187","THU38_2008_1668",27.5268700836451
"188","COC14_2009_1703",31.8342638009196
"189","SLK10_2009_1706",25.3357460136502
"190","NIP14_2009_1714",26.0091399444974
"191","NIP12_2009_1718",29.2484213679123
"192","THU21_2009_1719",26.8265572219598
"193","COC16_2009_1720",28.413831902332
"194","SLK24_2009_1727",26.6248443724858
"195","NIP23_2009_1708",26.1239207073548
"196","NIP13_2009_1713",25.9116601032841
"197","NIP10_2009_1717",28.2721138118469
"198","SLK17_2009_1705",27.3483051194085
"199","NIP21_2009_1709",26.323681371129
"200","NIP20_2009_1710",26.5139093187783
"201","NIP19_2009_1711",26.5995241800944
"202","SLK22_2009_1704",26.0710650312537
"203","SLK13_2009_1707",28.9427085264047
"204","SLK23_2009_1712",25.0023649719047
"205","SLK26_2009_1715",28.8193518117312
"206","RED10_2009_1716",22.5684913185011
"207","RED7_2009_1725",27.6565026236251
"208","SLK25_2009_1726",19.1567457319605
"209","SLK63_2010_1729",23.373687625474
"210","SLK49_2010_1730",21.6191170164776
"211","SLK65_2010_1732",24.6060440537261
"212","SLK64_2010_1733",23.3518304887161
"213","NIP27_2010_1734",26.1908475150049
"214","RED44_2010_1753",31.1325450520522
"215","RED26_2010_1755",26.7122078709194
"216","HEA31_2010_1768",20.8891935138802
"217","WAW18_2010_1775",24.3798472113518
"218","RED32_2010_1751",18.7373612864692
"219","RED25_2010_1756",26.0405082896276
"220","FOR3_2010_1771",11.8788074407042
"221","CHA10_2010_1589",16.7299995422363
"222","NIP41_2010_1731",20.8669176412406
"223","NIP45_2010_1752",24.0699996948242
"224","NIP35_2010_1767",26.0300006866455
"225","HEA20_2010_1770",33.9194642779897
"226","KLK5_2010_1772",18.2574598481578
"227","TIM9_2010_1773",26.8022153942402
"228","TIM7_2010_1774",26.8193865729689
"229","TIM13_2010_1776",30.5893970259433
"230","RED27_2011_1701",26.6453207967754
"231","NIP94_2011_1747",25.709842307954
"232","WAW12_2011_1749",21.3119030505155
"233","TIM34_2011_1750",20.8999996185303
"234","RED114_2011_1778",24.2866551704711
"235","RED32_2011_1789",24.2553291927278
"236","RED58_2011_1799",25.7174679621748
"237","RED85_2011_1818",17.9373985189426
"238","NIP66_2011_1835",25.1472134353275
"239","FOR17_2011_1836",30.9783610175638
"240","SAU20_2011_1837",24.4739977974917
"241","RED124_2011_1958",27.6243358825935
"242","KEN91_2011_1748",27.0754223541475
"243","KEN27_2011_1832",22.044809872591
"244","FOR42_2011_1834",25.3237867637499
"245","RED66_2011_1723",24.8547591439807
"246","RED67_2011_1724",24.8436012712785
"247","RED93_2011_1738",24.523507784415
"248","RED111_2011_1742",27.3965545073458
"249","RED113_2011_1743",27.4158572100137
"250","RED112_2011_1744",30.5499992370605
"251","RED65_2011_1777",30.3584234993737
"252","RED123_2011_1790",28.6811534469192
"253","RED120_2011_1793",33.4468851697467
"254","RED23_2011_1795",26.5186665637081
"255","RED73_2011_1801",25.8357303919417
"256","RED72_2011_1816",30.3535288353378
"257","SLK95_2011_1817",28.2708280629125
"258","SLK61_2011_1819",26.3229164254369
"259","SLK64_2011_1820",26.1081088370751
"260","RED84_2011_1823",19.6178056850024
"261","SLK84_2011_1669",26.9966316078125
"262","SLK40_2011_1693",20.9434741913901
"263","SLK46_2011_1694",20.2353129180247
"264","SLK45_2011_1695",30.0706916937848
"265","NIP34_2011_1696",32.3199996948242
"266","SLK79_2011_1697",31.0445957102443
"267","NIP47_2011_1698",32.1210430937224
"268","SLK75_2011_1699",26.2310287611157
"269","NIP54_2011_1735",27.0214744279883
"270","SLK103_2011_1736",26.9662903921557
"271","SLK71_2011_1745",22.1480517201609
"272","SLK85_2011_1781",23.9836294532865
"273","SLK87_2011_1782",27.1995632082084
"274","SLK48_2011_1785",25.7013001722355
"275","SLK88_2011_1786",24.6721401201689
"276","SLK47_2011_1788",25.2879931371024
"277","NIP40_2011_1791",28.262611048357
"278","SLK38_2011_1798",23.1847034920249
"279","SLK50_2011_1805",27.2410263888387
"280","SLK70_2011_1807",23.453853860066
"281","SLK51_2011_1808",27.2895417363232
"282","NIP55_2011_1811",27.0856678801012
"283","SLK82_2011_1824",26.1568933587804
"284","COC25_2011_1827",25.4949321116742
"285","THU33_2011_1829",20.4107092457996
"286","RED82_2011_1800",30.9951800698096
"287","RED101_2011_1802",23.4833470730742
"288","RED106_2011_1803",26.4016912048794
"289","RED96_2011_1804",28.2516609563516
"290","RED107_2011_1779",25.2336677266029
"291","RED118_2011_1780",25.744217309748
"292","RED100_2011_1783",30.2175205980799
"293","RED54_2011_1784",30.481641502781
"294","RED24_2011_1796",27.4767407600679
"295","RED22_2011_1797",24.3282976657046
"296","RED51_2011_1670",27.5243577003479
"297","RED36_2011_1671",26.7747450919047
"298","SLK147_2011_1700",30.3398670891534
"299","RED91_2011_1702",27.6483623047288
"300","RED35_2011_1721",27.6333964039298
"301","RED121_2011_1722",26.8664517556467
"302","SLK101_2011_1737",27.1018846610497
"303","SLK57_2011_1739",29.140216112875
"304","SLK132_2011_1740",24.9301584115613
"305","SLK55_2011_1741",25.6319495227672
"306","THU57_2011_1746",26.1602178998992
"307","RED55_2011_1787",26.9546898162091
"308","RED53_2011_1792",25.9650549757371
"309","RED122_2011_1794",27.3099499411382
"310","RED26_2011_1806",27.980841490093
"311","RED29_2011_1809",25.9564477606529
"312","SLK76_2011_1810",27.9956662701242
"313","RED103_2011_1812",31.753137326708
"314","RED50_2011_1813",24.1387020460896
"315","RED52_2011_1814",23.825111814639
"316","SLK60_2011_1815",23.5773476084966
"317","SLK35_2011_1821",26.2661719204161
"318","SLK65_2011_1822",27.5264175427465
"319","THU58_2011_1825",26.2250568752158
"320","THU50_2011_1826",19.2973344636335
"321","THU51_2011_1828",26.5217374043339
"322","THU80_2011_1830",17.4112830609594
"323","THU22_2011_1831",26.0170121240579
"324","PEM25_2012_1933",26.2102495996576
"325","WAW17_2012_1934",26.7984716826015
"326","KEN103_2012_1853",16.4052397384644
"327","KEN36_2012_1917",26.3051263003212
"328","FOR59_2012_1935",29.5699997953935
"329","RED103_2012_1757",25.8469195119796
"330","RED41_2012_1758",26.1129502046748
"331","SLK73_2012_1759",26.5282205961564
"332","NIP104_2012_1761",26.5759931301601
"333","NIP59_2012_1762",31.1501628875732
"334","NIP63_2012_1764",30.3949995040894
"335","SLK26_2012_1765",27.2077918047462
"336","SLK72_2012_1766",25.3812909754222
"337","NIP24_2012_1838",26.0981715458376
"338","RED69_2012_1839",25.9176614927024
"339","SLK101_2012_1840",26.3587109402421
"340","KLK8_2012_1841",25.4260496921258
"341","RED53_2012_1842",25.8880420890545
"342","RED61_2012_1843",22.9368448026309
"343","RED49_2012_1844",23.3483746631357
"344","RED57_2012_1845",29.0608004236013
"345","SLK91_2012_1846",28.0583616547341
"346","NIP60_2012_1848",18.8358448183178
"347","RED28_2012_1849",25.1164123666003
"348","SLK32_2012_1850",23.5400009155273
"349","SLK74_2012_1851",28.2950349383406
"350","TIM9_2012_1852",31.7623927766475
"351","RED94_2012_1854",25.9107976744815
"352","SLK29_2012_1855",25.3826857894214
"353","KLK13_2012_1856",18.9347977297518
"354","SLK82_2012_1857",26.437924690543
"355","THU35_2012_1858",25.0712503730851
"356","THU65_2012_1859",17.9417663156757
"357","TIM7_2012_1898",23.4031973661378
"358","RED60_2012_1899",25.877302388788
"359","RED66_2012_1900",26.2538562250809
"360","RED39_2012_1901",31.5699996948242
"361","RED52_2012_1902",26.0240457248884
"362","TIM47_2012_1903",27.6175765413226
"363","WAW5_2012_1904",18.188721661154
"364","RED64_2012_1905",25.9793278144685
"365","RED72_2012_1906",25.4433262718907
"366","KLK11_2012_1907",26.0420410389803
"367","RED51_2012_1908",26.3951671287243
"368","RED59_2012_1909",24.5400009155273
"369","SLK97_2012_1910",26.6483656744992
"370","NIP62_2012_1912",26.3721990693934
"371","RED38_2012_1913",30.0059122837978
"372","SLK71_2012_1914",24.7866588758787
"373","SLK81_2012_1915",22.1042453765869
"374","WAW4_2012_1916",20.2934219067569
"375","RED71_2012_1918",29.7028977137373
"376","SLK20_2012_1919",25.6900005340576
"377","HEA9_2012_1920",20.1436953510692
"378","TIM27_2012_1921",24.7306731871373
"379","RED58_2012_1922",25.9924876090951
"380","RED63_2012_1923",26.2089773572538
"381","CHA8_2012_1924",23.8460889657338
"382","RED34_2012_1925",25.1250241505351
"383","RED50_2012_1926",26.1447150297027
"384","SLK93_2012_1928",26.9653490657226
"385","NIP32_2012_1929",30.9635017027105
"386","NIP61_2012_1930",26.1783358297282
"387","SLK105_2012_1931",25.4762851715088
"388","SLK47_2012_1932",30.3678404069801
"389","RED62_2012_1936",25.9661148340397
"390","RED70_2012_1937",30.7859449568827
"391","SLK85_2012_1760",23.3870045134259
"392","NIP49_2012_1763",24.4123213772374
"393","COC10_2012_1911",32.1199989318848
"394","SLK79_2012_1927",25.9462287467823
"395","RED31_2013_1862",31.219257495201
"396","SLK45_2013_1863",24.7725715481505
"397","RED56_2013_1884",24.3657921098119
"398","SLK23_2013_1885",19.2846205619716
"399","RED41_2013_1888",20.1390526330531
"400","NIP51_2013_1874",17.5623983368252
"401","SLK18_2013_1878",25.4756105528937
"402","SLK24_2013_1895",27.5257871331306
"403","SLK41_2013_1897",26.3027665611084
"404","SLK27_2013_1869",26.2098129455079
"405","SLK21_2013_1890",25.587365421798
"406","SLK31_2013_1891",29.0163798370529
"407","SLK43_2013_1896",24.2665140078092
"408","NIP44_2013_1864",27.5308772428171
"409","NIP45_2013_1867",22.4309596394903
"410","NIP43_2013_1868",29.9595345260405
"411","THU16_2013_1877",24.6998027386052
"412","NIP23_2013_1894",25.6122966780834
"413","NIP48_2013_1860",28.5183819996683
"414","SLK25_2013_1861",27.0968730371649
"415","RED32_2013_1865",31.1867387864825
"416","NIP50_2013_1866",20.8272594763682
"417","NIP40_2013_1870",26.9964112081835
"418","SLK19_2013_1871",25.4893154287444
"419","NIP53_2013_1872",26.7079705316663
"420","SLK16_2013_1873",27.0290929351959
"421","SLK35_2013_1875",30.7632571841599
"422","NIP19_2013_1876",30.2064286701153
"423","NIP21_2013_1879",6.88388570513044
"424","NIP11_2013_1886",26.7869006716457
"425","NIP25_2013_1887",27.0422586118177
"426","SLK22_2013_1889",25.712916968672
"427","RED24_2013_1892",29.21935309501
"428","SLK37_2013_1893",28.1181103585064
"429","SLK13_2014_1881",28.9641063213348
"430","RED8_2014_1882",20.7458871363803
"431","RED29_2014_2017",21.6286483356319
"432","RED4_2014_2019",23.4556876187602
"433","RED17_2014_2020",22.643964348653
"434","RED10_2015_1960",14.9100509665741
"435","COC12_2015_1961",26.2123467748436
"436","SUD38_2015_1970",24.3449263930467
"437","COC13_2015_1977",25.4155599467751
"438","RED11_2015_1986",24.4984234470432
"439","RED7_2015_1998",15.3618879562581
"440","RED59_2015_1962",23.0456974586281
"441","SLK55_2015_1963",24.4135321478286
"442","NIP20_2015_1965",23.5992408704154
"443","SLK19_2015_1967",22.9507175987448
"444","NIP31_2015_1972",17.9413589208226
"445","NIP32_2015_1973",18.2771296531923
"446","SLK23_2015_1974",25.9510375508722
"447","SLK30_2015_1975",19.2074812297793
"448","NIP24_2015_1976",24.4699181397611
"449","NIP23_2015_1979",25.4902690080496
"450","SLK67_2015_1982",17.6281534962634
"451","NIP19_2015_1984",20.2831526170242
"452","SLK36_2015_1985",25.6193359935053
"453","SLK62_2015_1988",16.9872650146484
"454","NIP30_2015_1990",25.343104436498
"455","NIP17_2015_1991",25.3282086479651
"456","NIP38_2015_1995",26.5754649361899
"457","KEN28_2015_1959",26.9108440921123
"458","RED24_2015_1966",26.6995706455682
"459","RED44_2015_1968",21.7554854555066
"460","KEN5_2015_1971",21.9277097715206
"461","RED25_2015_1983",25.1150727620168
"462","RED46_2015_1996",23.5345502531084
"463","RED50_2015_1999",29.654541128067
"464","SLK53_2015_1969",18.700325074067
"465","SLK32_2015_1980",26.7103513960593
"466","SLK21_2015_1981",27.1622982715684
"467","RED58_2015_1987",19.7364503071632
"468","SLK41_2015_1989",16.5491358341503
"469","SLK28_2015_1992",26.3470373506899
"470","RED17_2015_1993",18.3264543838226
"471","RED16_2015_1994",18.3569993949625
"472","SLK57_2015_1997",26.4650336643106
"473","RED3_2016_2005",19.2449944819596
"474","SLK29_2016_2007",21.8207920513524
"475","KEN18_2016_2014",22.0460421641928
"476","NOR32_2016_2002",29.1615984842657
"477","SUD35_2016_2006",27.8536909421285
"478","WAW7_2016_2010",23.5072359261454
"479","APK20_2016_2015",31.4138321219804
"480","SLK23_2016_2000",31.9045309722424
"481","THU19_2016_2001",23.9208447187375
"482","NIP12_2016_2003",25.9442792412631
"483","HEA4_2016_2004",28.4377730546889
"484","HEA5_2016_2011",19.2168791111785
"485","SLK6_2016_2012",28.2001709471358
"486","NIP15_2016_2013",24.4016369892287
"487","SLK30_2016_2016",22.1570529200605
"488","NIP23_2016_2022",26.0242437565247
"489","RED23_2017_1941",29.6079272087368
"490","NIP105_2017_2112",23.6596207773642
"491","RED54_2017_2113",26.2723388807519
"492","SLK237_2017_1939",18.4066343857692
"493","SLK42_2017_1949",29.7105741065266
"494","SLK36_2017_1950",26.1141513352369
"495","SLK102_2017_1956",25.2392021697814
"496","SLK115_2017_2023",25.9899997711182
"497","SLK200_2017_2026",18.5369026078385
"498","SLK175_2017_2072",22.2400871488336
"499","THU58_2017_2073",26.5999806463013
"500","SLK43_2017_2075",27.5745969952635
"501","SLK82_2017_2076",23.8181391871253
"502","SLK23_2017_2077",29.8370879133604
"503","SLK122_2017_2081",22.7039198659772
"504","SLK157_2017_2082",24.2929542235684
"505","SLK44_2017_2083",30.5602788019447
"506","THU59_2017_2085",19.2721570953473
"507","THU61_2017_2087",23.3703222497862
"508","SLK26_2017_2089",24.8632253023964
"509","THU31_2017_2093",18.7120077823182
"510","SLK63_2017_2096",20.9096523491112
"511","SLK162_2017_2100",22.6711849375359
"512","SLK68_2017_2101",23.5905880716656
"513","SLK38_2017_2105",25.7387370590158
"514","SLK33_2017_2106",26.5954066367537
"515","SLK17_2017_2107",29.9181113507647
"516","SLK52_2017_2110",24.9731929159512
"517","NIP12_2017_1952",25.1529505057413
"518","NIP75_2017_1954",21.8416591411756
"519","NIP99_2017_2094",23.0560194959654
"520","RED34_2017_2025",24.9464728043594
"521","RED69_2017_2092",22.1653447252808
"522","RED56_2017_2098",29.1881364238127
"523","RED103_2017_2102",21.8698482678924
"524","NIP78_2017_1942",26.0858235864078
"525","NIP37_2017_1945",25.8895786130552
"526","NIP40_2017_1953",31.0917768429984
"527","NIP46_2017_1955",24.6467426632523
"528","NIP64_2017_1957",24.9998743802563
"529","NIP54_2017_2027",23.2318828570378
"530","SLK96_2017_2074",19.8020066197483
"531","NIP29_2017_2078",15.9111812101769
"532","NIP77_2017_2079",25.7101691276364
"533","NIP9_2017_2090",23.4084397443607
"534","NIP39_2017_2091",20.4061479073984
"535","NIP98_2017_2097",25.0540803764919
"536","NIP65_2017_2103",25.0227240402485
"537","NIP11_2017_2104",28.3462279445336
"538","NIP38_2017_2111",31.3654507869432
"539","NIP95_2017_2114",25.6418176130815
"540","SLK45_2017_1940",27.2348034198468
"541","SLK8_2017_1947",26.6799088536085
"542","SLK32_2017_1948",29.8263035040251
"543","SLK129_2017_1951",24.7281813188033
"544","SLK64_2017_2086",21.8907489497657
"545","RED87_2017_2088",26.5129283356016
"546","SLK7_2017_2099",17.6198390222365
"547","SLK187_2017_1946",23.0756710102032
"548","NIP32_2017_2024",30.7506306450646
"549","NIP68_2017_2080",25.3022222435081
"550","NIP73_2017_2084",31.159648080567
"551","SLK103_2017_2095",26.1299991607666
"552","NIP13_2018_2031",18.1948689622023
"553","RED30_2018_2032",23.2815786367827
"554","FOR24_2018_2039",27.7192849750184
"555","RED82_2018_2040",18.3564789626752
"556","RED170_2018_2052",28.3232771473181
"557","SLK19_2018_2054",24.808313779213
"558","KEN71_2018_2063",19.7233413977432
"559","PAR33_2018_2071",24.6313341536198
"560","NIP30_2018_2115",20.9746357697243
"561","RED55_2018_2124",26.3968826880858
"562","RED81_2018_2127",18.3734281352187
"563","RED78_2018_2138",24.1459522033539
"564","KEN77_2018_2140",29.3362934377663
"565","RED76_2018_2147",30.5359023059304
"566","RED70_2018_2149",31.2367548413751
"567","TIM12_2018_2153",27.8023566152193
"568","RED109_2018_2155",30.0965618267655
"569","RED110_2018_2030",30.3827672132424
"570","RED108_2018_2033",32.4853954177966
"571","THU52_2018_2036",31.5284968610965
"572","SLK51_2018_2046",31.1198541831315
"573","SLK48_2018_2047",27.5939037766156
"574","RED80_2018_2049",30.6157409230028
"575","THU36_2018_2051",25.994925534415
"576","SLK23_2018_2056",24.6808193715413
"577","SLK37_2018_2058",26.0764998435974
"578","RED86_2018_2060",30.6706558205685
"579","RED103_2018_2061",32.8140127593246
"580","RED97_2018_2064",28.9236156571282
"581","SLK68_2018_2065",25.3852240029518
"582","SLK18_2018_2068",27.9148975068536
"583","RED96_2018_2116",30.5753848520964
"584","SLK117_2018_2117",26.4538673888333
"585","SLK56_2018_2118",27.2567852926177
"586","SLK67_2018_2123",30.8089186702062
"587","SLK49_2018_2128",31.0274430833509
"588","SLK162_2018_2133",19.9670051006561
"589","SLK113_2018_2135",29.9392567153805
"590","SLK26_2018_2142",27.9656181377392
"591","SLK55_2018_2143",31.2348668646575
"592","SLK22_2018_2144",23.8117567068472
"593","RED60_2018_2150",27.6846419227001
"594","SLK27_2018_2154",26.3697779672056
"595","RED115_2018_2156",23.7237049819249
"596","NIP40_2018_2037",17.3330936399989
"597","NIP29_2018_2055",25.9164056125572
"598","NIP31_2018_2059",22.3280941476958
"599","NIP10_2018_2066",18.5275795786004
"600","NIP20_2018_2146",27.4815108346028
"601","NIP16_2018_2157",28.8159578469461
"602","NOR68_2018_2028",26.2076303821685
"603","NOR72_2018_2035",24.1019020920724
"604","PEM7_2018_2038",23.9497730039201
"605","NOR56_2018_2044",32.7286328581918
"606","NOR62_2018_2053",29.1221911801838
"607","NOR46_2018_2069",31.9905056192717
"608","NOR69_2018_2119",32.608430268108
"609","NOR25_2018_2121",26.7272945622929
"610","SUD83_2018_2125",26.6420646543088
"611","NOR42_2018_2129",27.1704505370544
"612","NOR61_2018_2134",24.6589823404948
"613","NOR19_2018_2136",29.6017111774103
"614","PEM6_2018_2137",30.0466968751626
"615","NOR55_2018_2141",32.5972955506892
"616","RED38_2018_2029",25.9555476815471
"617","RED67_2018_2070",24.8007165984014
"618","RED57_2018_2130",26.8130865908839
"619","RED52_2018_2148",29.1662318452876
"620","RED121_2018_2158",23.0076151168209
"621","NIP5_2018_2048",31.135551329582
"622","NIP32_2018_2050",25.2840653473512
"623","NIP45_2018_2132",24.7233560139237
"624","NIP49_2018_2152",29.0511939073335
"625","COC36_2018_2159",17.9889073091395
"626","NIP37_2018_2034",25.6000003814697
"627","SLK44_2018_2043",27.77832930427
"628","TIM6_2018_2045",28.2049332682292
"629","NIP27_2018_2057",28.0612149633755
"630","SLK57_2018_2062",26.4323965086705
"631","SLK53_2018_2067",30.3904409264577
"632","NIP53_2018_2122",21.5291039349318
"633","NIP24_2018_2151",27.7999992370605
"634","COC20_2018_2041",28.7661435565552
"635","HEA12_2018_2042",32.4421495843596
"636","COC14_2018_2126",29.2478186837021
"637","COC15_2018_2139",17.9767107739545
"638","COC8_2018_2145",31.7014895647591
"639","COC10_2019_2162",30.5165247515114
"640","RED44_2019_2165",26.2760263225241
"641","FOR2_2019_2166",18.8288267124965
"642","TIM2_2019_2173",23.716533644126
"643","RED14_2019_2176",14.1890308312959
"644","NIP11_2019_2179",23.4064032063497
"645","RED37_2019_2185",30.0303362647959
"646","RED49_2019_2189",25.3677232534536
"647","RED75_2019_2192",24.5031111081441
"648","RED45_2019_2169",23.8867609072714
"649","RED39_2019_2172",26.9646428383795
"650","RED59_2019_2180",26.0001558123996
"651","RED23_2019_2164",20.7189182773891
"652","RED38_2019_2171",26.9104241713137
"653","RED57_2019_2174",26.1502767333065
"654","RED40_2019_2177",27.3407975830679
"655","RED17_2019_2178",28.7350730694405
"656","RED25_2019_2181",26.8618027511936
"657","RED30_2019_2182",26.2700004577637
"658","RED24_2019_2186",19.8874321239255
"659","RED60_2019_2190",28.827732914152
"660","RED62_2019_2193",25.4383073192559
"661","SLK40_2019_2163",26.2594788405147
"662","SLK38_2019_2167",30.1612116398531
"663","SLK33_2019_2168",29.6621439666466
"664","SLK39_2019_2170",24.7151302187724
"665","SLK37_2019_2175",29.7952151873147
"666","SLK41_2019_2183",30.0425004959106
"667","SLK31_2019_2184",28.2109776265238
"668","SLK22_2019_2187",26.1906647559022
"669","SLK8_2019_2188",25.9817291119445
"670","THU4_2020_2161",13.4087097887366
"671","RED49_2020_2210",26.2685338857188
"672","CHA3_2020_2213",29.7985924380509
"673","RED9_2020_2216",28.857525052251
"674","NIP47_2020_2196",24.7669864436747
"675","SLK26_2020_2197",15.6369482580029
"676","SLK25_2020_2201",15.3126925321726
"677","NIP30_2020_2202",25.6306186439717
"678","NIP46_2020_2203",29
"679","NIP51_2020_2206",29.8253084583047
"680","NIP26_2020_2207",26.7839962634222
"681","NIP45_2020_2208",25.0547866708919
"682","COC11_2020_2212",29.205926570351
"683","COC12_2020_2215",28.9937929613837
"684","SLK37_2020_2160",30.4553929573578
"685","RED12_2020_2194",29.2539264702358
"686","RED22_2020_2195",26.4672759131267
"687","RED8_2020_2198",29.0738381665162
"688","RED24_2020_2199",31.5630135834598
"689","SLK36_2020_2200",29.2099990844727
"690","RED29_2020_2204",25.9027663890884
"691","SLK3_2020_2205",30.7651987605625
"692","RED18_2020_2209",29.9914381337176
"693","NIP40_2020_2211",27.8606876102062
"694","SLK48_2020_2214",29.4152072204827
"695","SLK47_2020_2217",29.0858701879328
"696","RED30_2020_2218",13.0482997701236
"697","RED27_2002_191",29.1380985852291
"698","DRY10_2002_75",23.6023854115607
"699","NIP16_2002_77",12.5196695861816
"700","THU16_2002_102",9.42974111529919
"701","RED47_2002_92",30.9651763166515
"702","RED23_2002_168",31.0530935254381
"703","RED21_2002_170",29.5643018637417
"704","RED60_2002_175",32.7972875997465
"705","RED39_2002_90",25.8678764100864
"706","RED66_2002_181",27.853491831022
"707","RED5_2002_185",24.7892943097484
"708","NIP72_2001_68",34.8452705299614
"709","KLK2_2001_10",18.6060246157359
"710","PEM3_2001_11",14.8216399823493
"711","PET1_2001_50",24.5599994659424
"712","SLK3_2001_39",26.0316789351225
"713","SLK44_2001_67",31.8935176346088
"714","SLK47_2001_69",31.8228861245242
"715","NIP53_2001_1",28.6793474712428
"716","NIP39_2001_2",27.7458714651405
"717","NIP73_2001_41",34.7970663453864
"718","SLK45_2001_44",28.8618024533933
"719","NIP74_2001_70",34.7834502206722
"720","NIP35_2001_5",26.5264643059402
"721","NIP24_2001_7",25.6859999712776
"722","NIP26_2001_47",25.8807058491426
"723","COC15_2001_48",24.4240279462602
"724","PEM9_2002_104",31.6404636137708
"725","SLK19_2002_172",22.2445131487551
"726","NIP54_2002_173",27.1399993896484
"727","RED34_2002_190",26.3672799037627
"728","NIP81_2002_96",21.6375994434003
"729","RED55_2002_95",25.1923113155365
"730","RED41_2002_169",26.25737117608
"731","RED63_2002_171",29.7763546122726
"732","NIP83_2002_88",17.9975282026577
"733","NIP55_2002_164",21.9995982280799
"734","SLK70_2002_166",18.947440088489
"735","NIP38_2002_97",19.0783428160411
"736","COC9_2002_100",34.7829403957583
"737","NIP56_2002_174",28.7200614817401
"738","NIP79_2002_189",32.6587283432339
"739","SLK17_2002_193",34.2677358127869
"740","SLK5_2002_12",25.5808945763893
"741","SLK6_2002_13",18.2866544212332
"742","SLK7_2002_14",26.5035601150679
"743","SLK1_2002_16",27.0155355440026
"744","SLK8_2002_18",22.9950374341169
"745","SLK2_2002_51",24.0607557857738
"746","SLK3_2002_52",24.1223512273503
"747","SLK11_2002_54",23.4972639563646
"748","SLK12_2002_55",22.680800292263
"749","SLK36_2002_56",28.4325003623962
"750","RED40_2002_91",28.7284814415477
"751","RED56_2002_167",30.8571224312958
"752","NIP101_2002_176",22.9533187899969
"753","SLK21_2002_177",29.797590385543
"754","SLK68_2002_178",28.5657101229618
"755","SLK54_2002_179",28.2969155455254
"756","NIP48_2002_180",25.8788604688041
"757","NIP47_2002_182",21.1032347212305
"758","RED38_2002_186",26.2983944219187
"759","RED1_2002_15",27.3105454865731
"760","NIP52_2001_3",28.2381136926372
"761","NIP54_2001_40",28.5817885825305
"762","RED60_2001_42",30.5857692865225
"763","SLK24_2001_43",27.0997029768933
"764","RED61_2001_65",26.4332143323762
"765","NIP55_2001_66",28.6387452355312
"766","RED48_2001_72",17.226989556332
"767","NIP22_2001_46",26.5547692582414
"768","NIP77_2001_49",27.4995412739045
"769","SLK47_2002_73",27.8427606021246
"770","NIP51_2002_94",23.8309590475464
"771","NIP75_2002_76",26.401033840894
"772","NIP85_2002_103",21.8516094829496
"773","COC19_2002_74",25.47425349347
"774","SLK4_2002_17",25.7479768548607
"775","COC12_2002_53",23.6570489602011
"776","SLK31_2002_89",24.6905389281809
"777","RED57_2002_163",28.1966207715563
"778","SLK30_2002_184",24.705452710564
"779","RED37_2002_187",29.4468151375099
"780","SLK1_2001_63",28.1700606837417
"781","SLK5_2001_38",31.330059096658
"782","SLK4_2001_64",31.2466158921274
"783","SLK6_2001_37",27.7926692235268
